,GRID_TYPE,GAME_ID,GAME_EVENT_ID,PLAYER_ID,PLAYER_NAME,TEAM_ID,TEAM_NAME,PERIOD,MINUTES_REMAINING,SECONDS_REMAINING,EVENT_TYPE,ACTION_TYPE,SHOT_TYPE,SHOT_ZONE_BASIC,SHOT_ZONE_AREA,SHOT_ZONE_RANGE,SHOT_DISTANCE,LOC_X,LOC_Y,SHOT_ATTEMPTED_FLAG,SHOT_MADE_FLAG,GAME_DATE,HTM,VTM
0,Shot Chart Detail,0022000019,475,1630267,Facundo Campazzo,1610612743,Denver Nuggets,3,2,27,Made Shot,Jump Shot,3PT Field Goal,Right Corner 3,Right Side(R),24+ ft.,23,229,35,1,1,20201223,DEN,SAC
1,Shot Chart Detail,0022000044,677,1630267,Facundo Campazzo,1610612743,Denver Nuggets,4,1,42,Missed Shot,Driving Floating Jump Shot,2PT Field Goal,In The Paint (Non-RA),Center(C),Less Than 8 ft.,6,-40,53,1,0,20201228,DEN,HOU
2,Shot Chart Detail,0022000055,135,1630267,Facundo Campazzo,1610612743,Denver Nuggets,1,0,42,Missed Shot,Jump Shot,3PT Field Goal,Above the Break 3,Right Side Center(RC),24+ ft.,25,136,215,1,0,20201229,SAC,DEN
3,Shot Chart Detail,0022000055,453,1630267,Facundo Campazzo,1610612743,Denver Nuggets,3,0,33,Missed Shot,Jump Shot,3PT Field Goal,Above the Break 3,Center(C),24+ ft.,25,47,248,1,0,20201229,SAC,DEN
4,Shot Chart Detail,0022000055,487,1630267,Facundo Campazzo,1610612743,Denver Nuggets,4,11,33,Missed Shot,Jump Shot,3PT Field Goal,Above the Break 3,Right Side Center(RC),24+ ft.,25,112,226,1,0,20201229,SAC,DEN
5,Shot Chart Detail,0022000088,172,1630267,Facundo Campazzo,1610612743,Denver Nuggets,2,11,41,Missed Shot,Driving Layup Shot,2PT Field Goal,Restricted Area,Center(C),Less Than 8 ft.,1,5,11,1,0,20210103,MIN,DEN
6,Shot Chart Detail,0022000088,222,1630267,Facundo Campazzo,1610612743,Denver Nuggets,2,7,6,Made Shot,Jump Shot,3PT Field Goal,Left Corner 3,Left Side(L),24+ ft.,23,-230,20,1,1,20210103,MIN,DEN
7,Shot Chart Detail,0022000088,508,1630267,Facundo Campazzo,1610612743,Denver Nuggets,4,8,36,Made Shot,Jump Shot,3PT Field Goal,Left Corner 3,Left Side(L),24+ ft.,22,-228,26,1,1,20210103,MIN,DEN
8,Shot Chart Detail,0022000088,528,1630267,Facundo Campazzo,1610612743,Denver Nuggets,4,6,41,Missed Shot,Jump Shot,3PT Field Goal,Above the Break 3,Right Side Center(RC),24+ ft.,24,137,209,1,0,20210103,MIN,DEN
9,Shot Chart Detail,0022000088,546,1630267,Facundo Campazzo,1610612743,Denver Nuggets,4,5,41,Made Shot,Jump Shot,3PT Field Goal,Above the Break 3,Right Side Center(RC),24+ ft.,24,163,184,1,1,20210103,MIN,DEN
10,Shot Chart Detail,0022000088,562,1630267,Facundo Campazzo,1610612743,Denver Nuggets,4,4,31,Made Shot,Jump Shot,3PT Field Goal,Left Corner 3,Left Side(L),24+ ft.,23,-231,5,1,1,20210103,MIN,DEN
11,Shot Chart Detail,0022000088,585,1630267,Facundo Campazzo,1610612743,Denver Nuggets,4,2,33,Made Shot,Jump Shot,3PT Field Goal,Right Corner 3,Right Side(R),24+ ft.,23,231,58,1,1,20210103,MIN,DEN
12,Shot Chart Detail,0022000088,591,1630267,Facundo Campazzo,1610612743,Denver Nuggets,4,1,53,Missed Shot,Jump Shot,3PT Field Goal,Right Corner 3,Right Side(R),24+ ft.,22,228,6,1,0,20210103,MIN,DEN
13,Shot Chart Detail,0022000104,198,1630267,Facundo Campazzo,1610612743,Denver Nuggets,2,10,17,Made Shot,Driving Finger Roll Layup Shot,2PT Field Goal,Restricted Area,Center(C),Less Than 8 ft.,3,4,32,1,1,20210105,DEN,MIN
14,Shot Chart Detail,0022000104,234,1630267,Facundo Campazzo,1610612743,Denver Nuggets,2,8,27,Missed Shot,Jump Shot,3PT Field Goal,Above the Break 3,Left Side Center(LC),24+ ft.,25,-165,194,1,0,20210105,DEN,MIN
15,Shot Chart Detail,0022000104,240,1630267,Facundo Campazzo,1610612743,Denver Nuggets,2,7,51,Missed Shot,Jump Shot,3PT Field Goal,Right Corner 3,Right Side(R),24+ ft.,23,236,1,1,0,20210105,DEN,MIN
16,Shot Chart Detail,0022000104,245,1630267,Facundo Campazzo,1610612743,Denver Nuggets,2,7,30,Made Shot,Running Reverse Layup Shot,2PT Field Goal,Restricted Area,Center(C),Less Than 8 ft.,3,16,26,1,1,20210105,DEN,MIN
17,Shot Chart Detail,0022000104,378,1630267,Facundo Campazzo,1610612743,Denver Nuggets,2,0,2,Missed Shot,Step Back Jump shot,2PT Field Goal,Mid-Range,Left Side(L),8-16 ft.,15,-123,90,1,0,20210105,DEN,MIN
18,Shot Chart Detail,0022000104,599,1630267,Facundo Campazzo,1610612743,Denver Nuggets,4,9,3,Missed Shot,Jump Shot,3PT Field Goal,Right Corner 3,Right Side(R),24+ ft.,23,234,10,1,0,20210105,DEN,MIN
19,Shot Chart Detail,0022000104,615,1630267,Facundo Campazzo,1610612743,Denver Nuggets,4,8,3,Made Shot,Driving Finger Roll Layup Shot,2PT Field Goal,Restricted Area,Center(C),Less Than 8 ft.,2,-6,20,1,1,20210105,DEN,MIN
20,Shot Chart Detail,0022000133,459,1630267,Facundo Campazzo,1610612743,Denver Nuggets,4,11,45,Missed Shot,Pullup Jump shot,3PT Field Goal,Above the Break 3,Right Side Center(RC),24+ ft.,24,104,224,1,0,20210109,PHI,DEN
21,Shot Chart Detail,0022000133,475,1630267,Facundo Campazzo,1610612743,Denver Nuggets,4,10,17,Missed Shot,Jump Shot,3PT Field Goal,Above the Break 3,Center(C),24+ ft.,26,38,258,1,0,20210109,PHI,DEN
22,Shot Chart Detail,0022000133,537,1630267,Facundo Campazzo,1610612743,Denver Nuggets,4,6,12,Made Shot,Jump Shot,3PT Field Goal,Left Corner 3,Left Side(L),24+ ft.,22,-223,3,1,1,20210109,PHI,DEN
23,Shot Chart Detail,0022000133,570,1630267,Facundo Campazzo,1610612743,Denver Nuggets,4,3,54,Missed Shot,Jump Shot,3PT Field Goal,Above the Break 3,Left Side Center(LC),24+ ft.,26,-193,187,1,0,20210109,PHI,DEN
24,Shot Chart Detail,0022000144,148,1630267,Facundo Campazzo,1610612743,Denver Nuggets,2,11,33,Made Shot,Driving Floating Jump Shot,2PT Field Goal,In The Paint (Non-RA),Center(C),Less Than 8 ft.,6,27,61,1,1,20210110,NYK,DEN
25,Shot Chart Detail,0022000144,186,1630267,Facundo Campazzo,1610612743,Denver Nuggets,2,7,50,Missed Shot,Floating Jump shot,2PT Field Goal,In The Paint (Non-RA),Center(C),8-16 ft.,14,43,137,1,0,20210110,NYK,DEN
26,Shot Chart Detail,0022000144,206,1630267,Facundo Campazzo,1610612743,Denver Nuggets,2,6,33,Made Shot,Jump Shot,3PT Field Goal,Above the Break 3,Right Side Center(RC),24+ ft.,27,204,184,1,1,20210110,NYK,DEN
27,Shot Chart Detail,0022000144,460,1630267,Facundo Campazzo,1610612743,Denver Nuggets,4,8,56,Missed Shot,Jump Shot,3PT Field Goal,Above the Break 3,Right Side Center(RC),24+ ft.,25,221,122,1,0,20210110,NYK,DEN
28,Shot Chart Detail,0022000144,487,1630267,Facundo Campazzo,1610612743,Denver Nuggets,4,8,5,Missed Shot,Driving Layup Shot,2PT Field Goal,In The Paint (Non-RA),Center(C),Less Than 8 ft.,4,42,26,1,0,20210110,NYK,DEN
29,Shot Chart Detail,0022000158,184,1630267,Facundo Campazzo,1610612743,Denver Nuggets,2,10,58,Made Shot,Pullup Jump shot,3PT Field Goal,Above the Break 3,Right Side Center(RC),24+ ft.,24,179,169,1,1,20210112,BKN,DEN
30,Shot Chart Detail,0022000158,235,1630267,Facundo Campazzo,1610612743,Denver Nuggets,2,7,18,Missed Shot,Pullup Jump shot,3PT Field Goal,Above the Break 3,Left Side Center(LC),24+ ft.,24,-144,200,1,0,20210112,BKN,DEN
31,Shot Chart Detail,0022000158,463,1630267,Facundo Campazzo,1610612743,Denver Nuggets,3,0,33,Missed Shot,Jump Shot,3PT Field Goal,Above the Break 3,Center(C),24+ ft.,25,-8,258,1,0,20210112,BKN,DEN
32,Shot Chart Detail,0022000158,476,1630267,Facundo Campazzo,1610612743,Denver Nuggets,4,11,4,Made Shot,Jump Shot,3PT Field Goal,Right Corner 3,Right Side(R),24+ ft.,23,233,44,1,1,20210112,BKN,DEN
33,Shot Chart Detail,0022000158,504,1630267,Facundo Campazzo,1610612743,Denver Nuggets,4,8,43,Missed Shot,Jump Shot,3PT Field Goal,Above the Break 3,Left Side Center(LC),24+ ft.,24,-223,113,1,0,20210112,BKN,DEN
34,Shot Chart Detail,0022000177,204,1630267,Facundo Campazzo,1610612743,Denver Nuggets,2,8,7,Missed Shot,Jump Shot,3PT Field Goal,Above the Break 3,Right Side Center(RC),24+ ft.,25,185,170,1,0,20210114,DEN,GSW
35,Shot Chart Detail,0022000177,222,1630267,Facundo Campazzo,1610612743,Denver Nuggets,2,7,38,Missed Shot,Jump Shot,3PT Field Goal,Above the Break 3,Right Side Center(RC),24+ ft.,25,203,152,1,0,20210114,DEN,GSW
36,Shot Chart Detail,0022000177,519,1630267,Facundo Campazzo,1610612743,Denver Nuggets,3,0,2,Made Shot,Jump Shot,3PT Field Goal,Right Corner 3,Right Side(R),24+ ft.,23,229,64,1,1,20210114,DEN,GSW
37,Shot Chart Detail,0022000200,141,1630267,Facundo Campazzo,1610612743,Denver Nuggets,2,11,45,Made Shot,Pullup Jump shot,2PT Field Goal,Mid-Range,Right Side(R),8-16 ft.,14,100,106,1,1,20210117,DEN,UTA
38,Shot Chart Detail,0022000200,163,1630267,Facundo Campazzo,1610612743,Denver Nuggets,2,9,55,Missed Shot,Driving Floating Bank Jump Shot,2PT Field Goal,In The Paint (Non-RA),Center(C),Less Than 8 ft.,5,-5,53,1,0,20210117,DEN,UTA
39,Shot Chart Detail,0022000200,184,1630267,Facundo Campazzo,1610612743,Denver Nuggets,2,8,17,Made Shot,Jump Shot,3PT Field Goal,Right Corner 3,Right Side(R),24+ ft.,23,234,9,1,1,20210117,DEN,UTA
40,Shot Chart Detail,0022000200,501,1630267,Facundo Campazzo,1610612743,Denver Nuggets,4,10,54,Missed Shot,Driving Reverse Layup Shot,2PT Field Goal,Restricted Area,Center(C),Less Than 8 ft.,2,22,17,1,0,20210117,DEN,UTA
41,Shot Chart Detail,0022000213,150,1630267,Facundo Campazzo,1610612743,Denver Nuggets,1,1,53,Missed Shot,Driving Floating Jump Shot,2PT Field Goal,In The Paint (Non-RA),Center(C),Less Than 8 ft.,5,14,57,1,0,20210119,DEN,OKC
42,Shot Chart Detail,0022000213,210,1630267,Facundo Campazzo,1610612743,Denver Nuggets,2,10,41,Made Shot,Jump Shot,3PT Field Goal,Above the Break 3,Left Side Center(LC),24+ ft.,25,-89,241,1,1,20210119,DEN,OKC
43,Shot Chart Detail,0022000213,232,1630267,Facundo Campazzo,1610612743,Denver Nuggets,2,8,53,Missed Shot,Jump Shot,3PT Field Goal,Left Corner 3,Left Side(L),24+ ft.,23,-231,59,1,0,20210119,DEN,OKC
44,Shot Chart Detail,0022000213,256,1630267,Facundo Campazzo,1610612743,Denver Nuggets,2,6,50,Missed Shot,Pullup Jump shot,2PT Field Goal,In The Paint (Non-RA),Right Side(R),8-16 ft.,10,55,94,1,0,20210119,DEN,OKC
45,Shot Chart Detail,0022000213,522,1630267,Facundo Campazzo,1610612743,Denver Nuggets,4,11,8,Missed Shot,Driving Floating Jump Shot,2PT Field Goal,Mid-Range,Right Side(R),8-16 ft.,12,101,66,1,0,20210119,DEN,OKC
46,Shot Chart Detail,0022000213,630,1630267,Facundo Campazzo,1610612743,Denver Nuggets,4,3,49,Missed Shot,Step Back Jump shot,3PT Field Goal,Above the Break 3,Left Side Center(LC),24+ ft.,25,-139,215,1,0,20210119,DEN,OKC
47,Shot Chart Detail,0022000248,230,1630267,Facundo Campazzo,1610612743,Denver Nuggets,2,6,57,Missed Shot,Jump Shot,3PT Field Goal,Right Corner 3,Right Side(R),24+ ft.,23,231,-10,1,0,20210123,PHX,DEN
48,Shot Chart Detail,0022000248,518,1630267,Facundo Campazzo,1610612743,Denver Nuggets,4,9,50,Made Shot,Jump Shot,3PT Field Goal,Above the Break 3,Center(C),24+ ft.,25,52,251,1,1,20210123,PHX,DEN
49,Shot Chart Detail,0022000248,558,1630267,Facundo Campazzo,1610612743,Denver Nuggets,4,5,55,Missed Shot,Pullup Jump shot,3PT Field Goal,Above the Break 3,Center(C),24+ ft.,30,38,302,1,0,20210123,PHX,DEN
50,Shot Chart Detail,0022000265,465,1630267,Facundo Campazzo,1610612743,Denver Nuggets,3,0,0,Missed Shot,Running Pull-Up Jump Shot,3PT Field Goal,Above the Break 3,Left Side Center(LC),24+ ft.,33,-150,295,1,0,20210125,DAL,DEN
51,Shot Chart Detail,0022000275,220,1630267,Facundo Campazzo,1610612743,Denver Nuggets,2,6,47,Missed Shot,Jump Shot,3PT Field Goal,Above the Break 3,Left Side Center(LC),24+ ft.,26,-198,177,1,0,20210127,MIA,DEN
52,Shot Chart Detail,0022000275,224,1630267,Facundo Campazzo,1610612743,Denver Nuggets,2,6,30,Missed Shot,Driving Floating Jump Shot,2PT Field Goal,In The Paint (Non-RA),Center(C),8-16 ft.,8,-30,76,1,0,20210127,MIA,DEN
53,Shot Chart Detail,0022000275,436,1630267,Facundo Campazzo,1610612743,Denver Nuggets,3,0,34,Missed Shot,Jump Shot,3PT Field Goal,Above the Break 3,Left Side Center(LC),24+ ft.,26,-227,131,1,0,20210127,MIA,DEN
54,Shot Chart Detail,0022000275,444,1630267,Facundo Campazzo,1610612743,Denver Nuggets,3,0,0,Missed Shot,Jump Shot,3PT Field Goal,Above the Break 3,Back Court(BC),Back Court Shot,39,13,398,1,0,20210127,MIA,DEN
55,Shot Chart Detail,0022000296,142,1630267,Facundo Campazzo,1610612743,Denver Nuggets,2,10,58,Missed Shot,Floating Jump shot,2PT Field Goal,Mid-Range,Right Side(R),8-16 ft.,14,81,124,1,0,20210129,SAS,DEN
56,Shot Chart Detail,0022000306,140,1630267,Facundo Campazzo,1610612743,Denver Nuggets,2,11,26,Missed Shot,Jump Shot,3PT Field Goal,Above the Break 3,Right Side Center(RC),24+ ft.,24,93,231,1,0,20210131,DEN,UTA
57,Shot Chart Detail,0022000306,452,1630267,Facundo Campazzo,1610612743,Denver Nuggets,3,2,48,Missed Shot,Jump Shot,3PT Field Goal,Above the Break 3,Right Side Center(RC),24+ ft.,26,161,216,1,0,20210131,DEN,UTA
58,Shot Chart Detail,0022000306,460,1630267,Facundo Campazzo,1610612743,Denver Nuggets,3,2,25,Made Shot,Jump Shot,3PT Field Goal,Above the Break 3,Right Side Center(RC),24+ ft.,26,190,180,1,1,20210131,DEN,UTA
59,Shot Chart Detail,0022000306,521,1630267,Facundo Campazzo,1610612743,Denver Nuggets,4,10,11,Made Shot,Step Back Jump shot,3PT Field Goal,Above the Break 3,Center(C),24+ ft.,26,27,259,1,1,20210131,DEN,UTA
60,Shot Chart Detail,0022000306,584,1630267,Facundo Campazzo,1610612743,Denver Nuggets,4,6,9,Made Shot,Cutting Layup Shot,2PT Field Goal,In The Paint (Non-RA),Center(C),Less Than 8 ft.,6,-5,69,1,1,20210131,DEN,UTA
61,Shot Chart Detail,0022000321,115,1630267,Facundo Campazzo,1610612743,Denver Nuggets,1,2,31,Made Shot,Jump Shot,3PT Field Goal,Above the Break 3,Right Side Center(RC),24+ ft.,25,135,212,1,1,20210406,DEN,DET
62,Shot Chart Detail,0022000321,133,1630267,Facundo Campazzo,1610612743,Denver Nuggets,1,0,38,Missed Shot,Running Finger Roll Layup Shot,2PT Field Goal,Restricted Area,Center(C),Less Than 8 ft.,3,29,10,1,0,20210406,DEN,DET
63,Shot Chart Detail,0022000321,139,1630267,Facundo Campazzo,1610612743,Denver Nuggets,1,0,3,Made Shot,Jump Shot,3PT Field Goal,Left Corner 3,Left Side(L),24+ ft.,23,-237,23,1,1,20210406,DEN,DET
64,Shot Chart Detail,0022000321,203,1630267,Facundo Campazzo,1610612743,Denver Nuggets,2,5,57,Missed Shot,Driving Hook Shot,2PT Field Goal,In The Paint (Non-RA),Center(C),Less Than 8 ft.,7,-30,73,1,0,20210406,DEN,DET
65,Shot Chart Detail,0022000321,384,1630267,Facundo Campazzo,1610612743,Denver Nuggets,3,3,50,Missed Shot,Running Pull-Up Jump Shot,3PT Field Goal,Above the Break 3,Right Side Center(RC),24+ ft.,24,148,201,1,0,20210406,DEN,DET
66,Shot Chart Detail,0022000321,409,1630267,Facundo Campazzo,1610612743,Denver Nuggets,3,2,3,Missed Shot,Running Layup Shot,2PT Field Goal,Restricted Area,Center(C),Less Than 8 ft.,3,36,15,1,0,20210406,DEN,DET
67,Shot Chart Detail,0022000388,173,1630267,Facundo Campazzo,1610612743,Denver Nuggets,1,0,0,Missed Shot,Running Jump Shot,3PT Field Goal,Backcourt,Back Court(BC),Back Court Shot,54,93,536,1,0,20210210,DEN,CLE
68,Shot Chart Detail,0022000388,185,1630267,Facundo Campazzo,1610612743,Denver Nuggets,2,11,50,Missed Shot,Jump Shot,3PT Field Goal,Above the Break 3,Left Side Center(LC),24+ ft.,25,-198,168,1,0,20210210,DEN,CLE
69,Shot Chart Detail,0022000388,252,1630267,Facundo Campazzo,1610612743,Denver Nuggets,2,8,12,Missed Shot,Jump Shot,3PT Field Goal,Above the Break 3,Left Side Center(LC),24+ ft.,26,-142,220,1,0,20210210,DEN,CLE
70,Shot Chart Detail,0022000388,256,1630267,Facundo Campazzo,1610612743,Denver Nuggets,2,7,47,Made Shot,Driving Reverse Layup Shot,2PT Field Goal,In The Paint (Non-RA),Center(C),Less Than 8 ft.,5,-50,8,1,1,20210210,DEN,CLE
71,Shot Chart Detail,0022000388,561,1630267,Facundo Campazzo,1610612743,Denver Nuggets,4,10,17,Made Shot,Jump Shot,3PT Field Goal,Above the Break 3,Center(C),24+ ft.,26,14,263,1,1,20210210,DEN,CLE
72,Shot Chart Detail,0022000388,580,1630267,Facundo Campazzo,1610612743,Denver Nuggets,4,8,24,Missed Shot,Driving Floating Jump Shot,2PT Field Goal,In The Paint (Non-RA),Left Side(L),8-16 ft.,9,-76,52,1,0,20210210,DEN,CLE
73,Shot Chart Detail,0022000401,179,1630267,Facundo Campazzo,1610612743,Denver Nuggets,2,9,5,Missed Shot,Jump Shot,3PT Field Goal,Above the Break 3,Right Side Center(RC),24+ ft.,24,183,169,1,0,20210212,DEN,OKC
74,Shot Chart Detail,0022000401,184,1630267,Facundo Campazzo,1610612743,Denver Nuggets,2,8,16,Missed Shot,Driving Finger Roll Layup Shot,2PT Field Goal,In The Paint (Non-RA),Center(C),Less Than 8 ft.,6,-13,59,1,0,20210212,DEN,OKC
75,Shot Chart Detail,0022000416,159,1630267,Facundo Campazzo,1610612743,Denver Nuggets,1,0,30,Made Shot,Jump Shot,3PT Field Goal,Above the Break 3,Left Side Center(LC),24+ ft.,25,-225,121,1,1,20210214,DEN,LAL
76,Shot Chart Detail,0022000416,188,1630267,Facundo Campazzo,1610612743,Denver Nuggets,2,10,34,Missed Shot,Jump Shot,3PT Field Goal,Above the Break 3,Right Side Center(RC),24+ ft.,25,216,126,1,0,20210214,DEN,LAL
77,Shot Chart Detail,0022000416,255,1630267,Facundo Campazzo,1610612743,Denver Nuggets,2,7,16,Made Shot,Jump Shot,3PT Field Goal,Above the Break 3,Center(C),24+ ft.,25,6,253,1,1,20210214,DEN,LAL
78,Shot Chart Detail,0022000416,497,1630267,Facundo Campazzo,1610612743,Denver Nuggets,3,2,7,Made Shot,Jump Shot,3PT Field Goal,Right Corner 3,Right Side(R),24+ ft.,23,224,67,1,1,20210214,DEN,LAL
79,Shot Chart Detail,0022000416,568,1630267,Facundo Campazzo,1610612743,Denver Nuggets,4,9,3,Missed Shot,Driving Reverse Layup Shot,2PT Field Goal,In The Paint (Non-RA),Center(C),Less Than 8 ft.,4,-11,46,1,0,20210214,DEN,LAL
80,Shot Chart Detail,0022000416,572,1630267,Facundo Campazzo,1610612743,Denver Nuggets,4,8,39,Made Shot,Running Finger Roll Layup Shot,2PT Field Goal,Restricted Area,Center(C),Less Than 8 ft.,0,-5,8,1,1,20210214,DEN,LAL
81,Shot Chart Detail,0022000416,622,1630267,Facundo Campazzo,1610612743,Denver Nuggets,4,4,54,Missed Shot,Jump Shot,3PT Field Goal,Above the Break 3,Right Side Center(RC),24+ ft.,25,131,224,1,0,20210214,DEN,LAL
82,Shot Chart Detail,0022000416,664,1630267,Facundo Campazzo,1610612743,Denver Nuggets,4,2,8,Missed Shot,Pullup Jump shot,3PT Field Goal,Above the Break 3,Center(C),24+ ft.,26,79,250,1,0,20210214,DEN,LAL
83,Shot Chart Detail,0022000427,69,1630267,Facundo Campazzo,1610612743,Denver Nuggets,1,5,10,Missed Shot,Pullup Jump shot,2PT Field Goal,In The Paint (Non-RA),Center(C),8-16 ft.,15,76,136,1,0,20210216,BOS,DEN
84,Shot Chart Detail,0022000427,96,1630267,Facundo Campazzo,1610612743,Denver Nuggets,1,3,7,Missed Shot,Pullup Jump shot,2PT Field Goal,Mid-Range,Right Side Center(RC),16-24 ft.,16,95,131,1,0,20210216,BOS,DEN
85,Shot Chart Detail,0022000427,242,1630267,Facundo Campazzo,1610612743,Denver Nuggets,2,4,39,Missed Shot,Driving Floating Bank Jump Shot,2PT Field Goal,Mid-Range,Right Side(R),8-16 ft.,9,89,30,1,0,20210216,BOS,DEN
86,Shot Chart Detail,0022000427,260,1630267,Facundo Campazzo,1610612743,Denver Nuggets,2,3,51,Missed Shot,Jump Shot,3PT Field Goal,Above the Break 3,Right Side Center(RC),24+ ft.,26,201,168,1,0,20210216,BOS,DEN
87,Shot Chart Detail,0022000427,274,1630267,Facundo Campazzo,1610612743,Denver Nuggets,2,2,31,Made Shot,Driving Reverse Layup Shot,2PT Field Goal,Restricted Area,Center(C),Less Than 8 ft.,2,22,0,1,1,20210216,BOS,DEN
88,Shot Chart Detail,0022000427,277,1630267,Facundo Campazzo,1610612743,Denver Nuggets,2,2,15,Made Shot,Jump Shot,3PT Field Goal,Above the Break 3,Right Side Center(RC),24+ ft.,25,229,120,1,1,20210216,BOS,DEN
89,Shot Chart Detail,0022000427,340,1630267,Facundo Campazzo,1610612743,Denver Nuggets,3,8,49,Missed Shot,Jump Shot,3PT Field Goal,Above the Break 3,Center(C),24+ ft.,27,-17,272,1,0,20210216,BOS,DEN
90,Shot Chart Detail,0022000427,348,1630267,Facundo Campazzo,1610612743,Denver Nuggets,3,8,20,Made Shot,Running Layup Shot,2PT Field Goal,Restricted Area,Center(C),Less Than 8 ft.,1,9,15,1,1,20210216,BOS,DEN
91,Shot Chart Detail,0022000427,495,1630267,Facundo Campazzo,1610612743,Denver Nuggets,4,8,32,Made Shot,Jump Shot,3PT Field Goal,Above the Break 3,Right Side Center(RC),24+ ft.,27,102,251,1,1,20210216,BOS,DEN
92,Shot Chart Detail,0022000427,517,1630267,Facundo Campazzo,1610612743,Denver Nuggets,4,6,49,Missed Shot,Step Back Jump shot,3PT Field Goal,Above the Break 3,Right Side Center(RC),24+ ft.,26,190,189,1,0,20210216,BOS,DEN
93,Shot Chart Detail,0022000427,543,1630267,Facundo Campazzo,1610612743,Denver Nuggets,4,4,51,Made Shot,Driving Finger Roll Layup Shot,2PT Field Goal,In The Paint (Non-RA),Center(C),Less Than 8 ft.,6,8,65,1,1,20210216,BOS,DEN
94,Shot Chart Detail,0022000427,619,1630267,Facundo Campazzo,1610612743,Denver Nuggets,4,0,41,Missed Shot,Jump Shot,3PT Field Goal,Above the Break 3,Left Side Center(LC),24+ ft.,27,-122,243,1,0,20210216,BOS,DEN
95,Shot Chart Detail,0022000437,107,1630267,Facundo Campazzo,1610612743,Denver Nuggets,1,3,32,Made Shot,Jump Shot,3PT Field Goal,Above the Break 3,Left Side Center(LC),24+ ft.,26,-183,189,1,1,20210217,WAS,DEN
96,Shot Chart Detail,0022000437,168,1630267,Facundo Campazzo,1610612743,Denver Nuggets,2,11,39,Missed Shot,Pullup Jump shot,3PT Field Goal,Above the Break 3,Left Side Center(LC),24+ ft.,27,-102,256,1,0,20210217,WAS,DEN
97,Shot Chart Detail,0022000437,422,1630267,Facundo Campazzo,1610612743,Denver Nuggets,3,6,21,Made Shot,Pullup Jump shot,2PT Field Goal,In The Paint (Non-RA),Center(C),8-16 ft.,15,76,137,1,1,20210217,WAS,DEN
98,Shot Chart Detail,0022000437,427,1630267,Facundo Campazzo,1610612743,Denver Nuggets,3,5,19,Made Shot,Driving Floating Jump Shot,2PT Field Goal,In The Paint (Non-RA),Center(C),Less Than 8 ft.,7,6,78,1,1,20210217,WAS,DEN
99,Shot Chart Detail,0022000437,438,1630267,Facundo Campazzo,1610612743,Denver Nuggets,3,4,6,Made Shot,Running Jump Shot,3PT Field Goal,Left Corner 3,Left Side(L),24+ ft.,24,-234,80,1,1,20210217,WAS,DEN
100,Shot Chart Detail,0022000437,512,1630267,Facundo Campazzo,1610612743,Denver Nuggets,4,11,50,Made Shot,Pullup Jump shot,2PT Field Goal,In The Paint (Non-RA),Center(C),8-16 ft.,13,31,128,1,1,20210217,WAS,DEN
101,Shot Chart Detail,0022000437,557,1630267,Facundo Campazzo,1610612743,Denver Nuggets,4,7,59,Missed Shot,Jump Shot,3PT Field Goal,Above the Break 3,Left Side Center(LC),24+ ft.,27,-119,249,1,0,20210217,WAS,DEN
102,Shot Chart Detail,0022000448,65,1630267,Facundo Campazzo,1610612743,Denver Nuggets,1,6,21,Missed Shot,Jump Shot,3PT Field Goal,Left Corner 3,Left Side(L),24+ ft.,22,-226,1,1,0,20210511,CHA,DEN
103,Shot Chart Detail,0022000448,329,1630267,Facundo Campazzo,1610612743,Denver Nuggets,3,11,2,Missed Shot,Pullup Jump shot,3PT Field Goal,Above the Break 3,Center(C),24+ ft.,25,68,242,1,0,20210511,CHA,DEN
104,Shot Chart Detail,0022000448,372,1630267,Facundo Campazzo,1610612743,Denver Nuggets,3,7,51,Missed Shot,Step Back Jump shot,3PT Field Goal,Above the Break 3,Center(C),24+ ft.,25,55,253,1,0,20210511,CHA,DEN
105,Shot Chart Detail,0022000448,402,1630267,Facundo Campazzo,1610612743,Denver Nuggets,3,6,1,Missed Shot,Driving Layup Shot,2PT Field Goal,Restricted Area,Center(C),Less Than 8 ft.,1,2,17,1,0,20210511,CHA,DEN
106,Shot Chart Detail,0022000448,477,1630267,Facundo Campazzo,1610612743,Denver Nuggets,3,0,2,Missed Shot,Jump Shot,3PT Field Goal,Above the Break 3,Right Side Center(RC),24+ ft.,25,199,152,1,0,20210511,CHA,DEN
107,Shot Chart Detail,0022000448,533,1630267,Facundo Campazzo,1610612743,Denver Nuggets,4,9,9,Missed Shot,Jump Shot,3PT Field Goal,Left Corner 3,Left Side(L),24+ ft.,23,-228,42,1,0,20210511,CHA,DEN
108,Shot Chart Detail,0022000448,545,1630267,Facundo Campazzo,1610612743,Denver Nuggets,4,8,28,Made Shot,Driving Layup Shot,2PT Field Goal,Restricted Area,Center(C),Less Than 8 ft.,1,-16,10,1,1,20210511,CHA,DEN
109,Shot Chart Detail,0022000448,559,1630267,Facundo Campazzo,1610612743,Denver Nuggets,4,6,54,Made Shot,Pullup Jump shot,3PT Field Goal,Above the Break 3,Right Side Center(RC),24+ ft.,25,125,220,1,1,20210511,CHA,DEN
110,Shot Chart Detail,0022000448,628,1630267,Facundo Campazzo,1610612743,Denver Nuggets,4,1,30,Made Shot,Jump Shot,3PT Field Goal,Above the Break 3,Right Side Center(RC),24+ ft.,25,161,201,1,1,20210511,CHA,DEN
111,Shot Chart Detail,0022000470,431,1630267,Facundo Campazzo,1610612743,Denver Nuggets,3,2,10,Made Shot,Jump Shot,3PT Field Goal,Above the Break 3,Left Side Center(LC),24+ ft.,25,-88,244,1,1,20210221,ATL,DEN
112,Shot Chart Detail,0022000470,446,1630267,Facundo Campazzo,1610612743,Denver Nuggets,3,1,5,Missed Shot,Jump Shot,3PT Field Goal,Left Corner 3,Left Side(L),24+ ft.,23,-232,-1,1,0,20210221,ATL,DEN
113,Shot Chart Detail,0022000470,511,1630267,Facundo Campazzo,1610612743,Denver Nuggets,4,7,15,Missed Shot,Jump Shot,3PT Field Goal,Above the Break 3,Right Side Center(RC),24+ ft.,25,157,196,1,0,20210221,ATL,DEN
114,Shot Chart Detail,0022000470,545,1630267,Facundo Campazzo,1610612743,Denver Nuggets,4,4,18,Missed Shot,Jump Shot,3PT Field Goal,Above the Break 3,Right Side Center(RC),24+ ft.,25,176,185,1,0,20210221,ATL,DEN
115,Shot Chart Detail,0022000470,586,1630267,Facundo Campazzo,1610612743,Denver Nuggets,4,1,53,Made Shot,Jump Shot,3PT Field Goal,Left Corner 3,Left Side(L),24+ ft.,23,-234,-8,1,1,20210221,ATL,DEN
116,Shot Chart Detail,0022000470,595,1630267,Facundo Campazzo,1610612743,Denver Nuggets,4,1,14,Made Shot,Jump Shot,3PT Field Goal,Above the Break 3,Left Side Center(LC),24+ ft.,26,-136,222,1,1,20210221,ATL,DEN
117,Shot Chart Detail,0022000470,646,1630267,Facundo Campazzo,1610612743,Denver Nuggets,4,0,19,Made Shot,Jump Shot,3PT Field Goal,Above the Break 3,Left Side Center(LC),24+ ft.,24,-217,115,1,1,20210221,ATL,DEN
118,Shot Chart Detail,0022000487,102,1630267,Facundo Campazzo,1610612743,Denver Nuggets,1,3,2,Missed Shot,Jump Shot,3PT Field Goal,Above the Break 3,Center(C),24+ ft.,25,-41,256,1,0,20210223,DEN,POR
119,Shot Chart Detail,0022000487,143,1630267,Facundo Campazzo,1610612743,Denver Nuggets,1,0,11,Made Shot,Pullup Jump shot,3PT Field Goal,Above the Break 3,Left Side Center(LC),24+ ft.,25,-89,244,1,1,20210223,DEN,POR
120,Shot Chart Detail,0022000487,392,1630267,Facundo Campazzo,1610612743,Denver Nuggets,3,3,38,Missed Shot,Jump Shot,3PT Field Goal,Left Corner 3,Left Side(L),24+ ft.,23,-230,31,1,0,20210223,DEN,POR
121,Shot Chart Detail,0022000487,445,1630267,Facundo Campazzo,1610612743,Denver Nuggets,4,11,11,Missed Shot,Driving Floating Jump Shot,2PT Field Goal,In The Paint (Non-RA),Left Side(L),8-16 ft.,8,-76,37,1,0,20210223,DEN,POR
122,Shot Chart Detail,0022000487,463,1630267,Facundo Campazzo,1610612743,Denver Nuggets,4,9,34,Missed Shot,Running Jump Shot,3PT Field Goal,Above the Break 3,Right Side Center(RC),24+ ft.,25,198,168,1,0,20210223,DEN,POR
123,Shot Chart Detail,0022000502,164,1630267,Facundo Campazzo,1610612743,Denver Nuggets,2,11,34,Missed Shot,Pullup Jump shot,3PT Field Goal,Above the Break 3,Center(C),24+ ft.,25,4,257,1,0,20210225,DEN,WAS
124,Shot Chart Detail,0022000502,235,1630267,Facundo Campazzo,1610612743,Denver Nuggets,2,7,17,Missed Shot,Pullup Jump shot,3PT Field Goal,Above the Break 3,Right Side Center(RC),24+ ft.,25,81,244,1,0,20210225,DEN,WAS
125,Shot Chart Detail,0022000502,243,1630267,Facundo Campazzo,1610612743,Denver Nuggets,2,6,35,Missed Shot,Jump Shot,3PT Field Goal,Above the Break 3,Center(C),24+ ft.,25,-28,257,1,0,20210225,DEN,WAS
126,Shot Chart Detail,0022000502,315,1630267,Facundo Campazzo,1610612743,Denver Nuggets,2,1,49,Made Shot,Jump Shot,3PT Field Goal,Left Corner 3,Left Side(L),24+ ft.,23,-232,34,1,1,20210225,DEN,WAS
127,Shot Chart Detail,0022000502,510,1630267,Facundo Campazzo,1610612743,Denver Nuggets,4,9,28,Missed Shot,Pullup Jump shot,2PT Field Goal,Mid-Range,Right Side Center(RC),16-24 ft.,16,132,99,1,0,20210225,DEN,WAS
128,Shot Chart Detail,0022000502,529,1630267,Facundo Campazzo,1610612743,Denver Nuggets,4,7,43,Missed Shot,Step Back Jump shot,3PT Field Goal,Above the Break 3,Left Side Center(LC),24+ ft.,25,-165,198,1,0,20210225,DEN,WAS
129,Shot Chart Detail,0022000502,581,1630267,Facundo Campazzo,1610612743,Denver Nuggets,4,4,33,Missed Shot,Jump Shot,3PT Field Goal,Above the Break 3,Center(C),24+ ft.,25,-74,245,1,0,20210225,DEN,WAS
130,Shot Chart Detail,0022000502,627,1630267,Facundo Campazzo,1610612743,Denver Nuggets,4,0,0,Missed Shot,Jump Shot,3PT Field Goal,Above the Break 3,Right Side Center(RC),24+ ft.,24,202,142,1,0,20210225,DEN,WAS
131,Shot Chart Detail,0022000518,178,1630267,Facundo Campazzo,1610612743,Denver Nuggets,2,7,54,Made Shot,Driving Finger Roll Layup Shot,2PT Field Goal,Restricted Area,Center(C),Less Than 8 ft.,3,-2,32,1,1,20210227,OKC,DEN
132,Shot Chart Detail,0022000518,450,1630267,Facundo Campazzo,1610612743,Denver Nuggets,4,9,37,Missed Shot,Jump Shot,3PT Field Goal,Left Corner 3,Left Side(L),24+ ft.,23,-232,52,1,0,20210227,OKC,DEN
133,Shot Chart Detail,0022000518,464,1630267,Facundo Campazzo,1610612743,Denver Nuggets,4,8,44,Made Shot,Running Layup Shot,2PT Field Goal,Restricted Area,Center(C),Less Than 8 ft.,1,13,-2,1,1,20210227,OKC,DEN
134,Shot Chart Detail,0022000518,481,1630267,Facundo Campazzo,1610612743,Denver Nuggets,4,7,44,Made Shot,Pullup Jump shot,3PT Field Goal,Above the Break 3,Right Side Center(RC),24+ ft.,25,175,184,1,1,20210227,OKC,DEN
135,Shot Chart Detail,0022000518,503,1630267,Facundo Campazzo,1610612743,Denver Nuggets,4,6,33,Made Shot,Running Layup Shot,2PT Field Goal,Restricted Area,Center(C),Less Than 8 ft.,0,-5,-1,1,1,20210227,OKC,DEN
136,Shot Chart Detail,0022000563,133,1630267,Facundo Campazzo,1610612743,Denver Nuggets,1,0,26,Made Shot,Pullup Jump shot,3PT Field Goal,Above the Break 3,Center(C),24+ ft.,26,14,267,1,1,20210219,CLE,DEN
137,Shot Chart Detail,0022000563,191,1630267,Facundo Campazzo,1610612743,Denver Nuggets,2,7,46,Made Shot,Pullup Jump shot,3PT Field Goal,Above the Break 3,Right Side Center(RC),24+ ft.,26,133,226,1,1,20210219,CLE,DEN
138,Shot Chart Detail,0022000563,442,1630267,Facundo Campazzo,1610612743,Denver Nuggets,3,1,15,Made Shot,Driving Layup Shot,2PT Field Goal,Restricted Area,Center(C),Less Than 8 ft.,1,13,2,1,1,20210219,CLE,DEN
139,Shot Chart Detail,0022000563,454,1630267,Facundo Campazzo,1610612743,Denver Nuggets,4,11,23,Missed Shot,Driving Layup Shot,2PT Field Goal,Restricted Area,Center(C),Less Than 8 ft.,2,15,23,1,0,20210219,CLE,DEN
140,Shot Chart Detail,0022000563,540,1630267,Facundo Campazzo,1610612743,Denver Nuggets,4,5,45,Missed Shot,Jump Shot,3PT Field Goal,Left Corner 3,Left Side(L),24+ ft.,22,-225,17,1,0,20210219,CLE,DEN
141,Shot Chart Detail,0022000580,133,1630267,Facundo Campazzo,1610612743,Denver Nuggets,1,1,36,Missed Shot,Jump Shot,3PT Field Goal,Above the Break 3,Left Side Center(LC),24+ ft.,26,-131,232,1,0,20210312,MEM,DEN
142,Shot Chart Detail,0022000580,191,1630267,Facundo Campazzo,1610612743,Denver Nuggets,2,8,56,Made Shot,Running Jump Shot,3PT Field Goal,Above the Break 3,Left Side Center(LC),24+ ft.,25,-163,199,1,1,20210312,MEM,DEN
143,Shot Chart Detail,0022000580,482,1630267,Facundo Campazzo,1610612743,Denver Nuggets,4,11,22,Missed Shot,Jump Shot,3PT Field Goal,Above the Break 3,Right Side Center(RC),24+ ft.,25,94,239,1,0,20210312,MEM,DEN
144,Shot Chart Detail,0022000580,513,1630267,Facundo Campazzo,1610612743,Denver Nuggets,4,8,41,Missed Shot,Jump Shot,3PT Field Goal,Right Corner 3,Right Side(R),24+ ft.,23,231,48,1,0,20210312,MEM,DEN
145,Shot Chart Detail,0022000580,530,1630267,Facundo Campazzo,1610612743,Denver Nuggets,4,7,5,Missed Shot,Step Back Jump shot,3PT Field Goal,Above the Break 3,Center(C),24+ ft.,24,-42,246,1,0,20210312,MEM,DEN
146,Shot Chart Detail,0022000580,535,1630267,Facundo Campazzo,1610612743,Denver Nuggets,4,6,25,Made Shot,Jump Shot,3PT Field Goal,Left Corner 3,Left Side(L),24+ ft.,23,-232,24,1,1,20210312,MEM,DEN
147,Shot Chart Detail,0022000580,551,1630267,Facundo Campazzo,1610612743,Denver Nuggets,4,5,7,Made Shot,Driving Layup Shot,2PT Field Goal,Restricted Area,Center(C),Less Than 8 ft.,1,-13,11,1,1,20210312,MEM,DEN
148,Shot Chart Detail,0022000592,576,1630267,Facundo Campazzo,1610612743,Denver Nuggets,4,4,12,Missed Shot,Driving Layup Shot,2PT Field Goal,Restricted Area,Center(C),Less Than 8 ft.,3,24,29,1,0,20210313,DEN,DAL
149,Shot Chart Detail,0022000592,582,1630267,Facundo Campazzo,1610612743,Denver Nuggets,4,3,42,Missed Shot,Jump Shot,3PT Field Goal,Above the Break 3,Left Side Center(LC),24+ ft.,25,-147,210,1,0,20210313,DEN,DAL
150,Shot Chart Detail,0022000606,222,1630267,Facundo Campazzo,1610612743,Denver Nuggets,2,6,49,Missed Shot,Running Layup Shot,2PT Field Goal,In The Paint (Non-RA),Center(C),Less Than 8 ft.,5,46,34,1,0,20210315,DEN,IND
151,Shot Chart Detail,0022000606,461,1630267,Facundo Campazzo,1610612743,Denver Nuggets,3,0,40,Missed Shot,Pullup Jump shot,2PT Field Goal,Mid-Range,Left Side(L),16-24 ft.,21,-176,127,1,0,20210315,DEN,IND
152,Shot Chart Detail,0022000606,542,1630267,Facundo Campazzo,1610612743,Denver Nuggets,4,7,57,Missed Shot,Pullup Jump shot,2PT Field Goal,In The Paint (Non-RA),Center(C),8-16 ft.,13,-2,136,1,0,20210315,DEN,IND
153,Shot Chart Detail,0022000624,144,1630267,Facundo Campazzo,1610612743,Denver Nuggets,1,1,5,Made Shot,Jump Shot,3PT Field Goal,Left Corner 3,Left Side(L),24+ ft.,23,-230,16,1,1,20210317,DEN,CHA
154,Shot Chart Detail,0022000624,148,1630267,Facundo Campazzo,1610612743,Denver Nuggets,1,0,25,Missed Shot,Jump Shot,3PT Field Goal,Above the Break 3,Right Side Center(RC),24+ ft.,25,89,241,1,0,20210317,DEN,CHA
155,Shot Chart Detail,0022000624,452,1630267,Facundo Campazzo,1610612743,Denver Nuggets,3,0,0,Missed Shot,Running Jump Shot,3PT Field Goal,Above the Break 3,Left Side Center(LC),24+ ft.,39,-151,366,1,0,20210317,DEN,CHA
156,Shot Chart Detail,0022000624,466,1630267,Facundo Campazzo,1610612743,Denver Nuggets,4,11,27,Made Shot,Driving Floating Bank Jump Shot,2PT Field Goal,In The Paint (Non-RA),Center(C),Less Than 8 ft.,6,-60,35,1,1,20210317,DEN,CHA
157,Shot Chart Detail,0022000637,143,1630267,Facundo Campazzo,1610612743,Denver Nuggets,2,11,34,Missed Shot,Pullup Jump shot,3PT Field Goal,Above the Break 3,Center(C),24+ ft.,25,68,247,1,0,20210319,DEN,CHI
158,Shot Chart Detail,0022000646,152,1630267,Facundo Campazzo,1610612743,Denver Nuggets,1,1,2,Missed Shot,Pullup Jump shot,3PT Field Goal,Above the Break 3,Center(C),24+ ft.,26,-63,254,1,0,20210321,DEN,NOP
159,Shot Chart Detail,0022000646,187,1630267,Facundo Campazzo,1610612743,Denver Nuggets,2,9,58,Missed Shot,Pullup Jump shot,3PT Field Goal,Above the Break 3,Right Side Center(RC),24+ ft.,25,152,204,1,0,20210321,DEN,NOP
160,Shot Chart Detail,0022000646,198,1630267,Facundo Campazzo,1610612743,Denver Nuggets,2,9,12,Missed Shot,Jump Shot,3PT Field Goal,Right Corner 3,Right Side(R),24+ ft.,23,230,15,1,0,20210321,DEN,NOP
161,Shot Chart Detail,0022000646,507,1630267,Facundo Campazzo,1610612743,Denver Nuggets,4,9,47,Missed Shot,Jump Shot,3PT Field Goal,Above the Break 3,Right Side Center(RC),24+ ft.,26,158,218,1,0,20210321,DEN,NOP
162,Shot Chart Detail,0022000661,144,1630267,Facundo Campazzo,1610612743,Denver Nuggets,2,11,24,Made Shot,Running Layup Shot,2PT Field Goal,Restricted Area,Center(C),Less Than 8 ft.,2,27,5,1,1,20210323,ORL,DEN
163,Shot Chart Detail,0022000661,410,1630267,Facundo Campazzo,1610612743,Denver Nuggets,3,2,50,Missed Shot,Running Jump Shot,3PT Field Goal,Right Corner 3,Right Side(R),24+ ft.,22,224,42,1,0,20210323,ORL,DEN
164,Shot Chart Detail,0022000661,458,1630267,Facundo Campazzo,1610612743,Denver Nuggets,4,11,29,Missed Shot,Jump Shot,3PT Field Goal,Above the Break 3,Center(C),24+ ft.,25,2,256,1,0,20210323,ORL,DEN
165,Shot Chart Detail,0022000661,497,1630267,Facundo Campazzo,1610612743,Denver Nuggets,4,7,20,Missed Shot,Jump Shot,3PT Field Goal,Left Corner 3,Left Side(L),24+ ft.,23,-237,-26,1,0,20210323,ORL,DEN
166,Shot Chart Detail,0022000661,528,1630267,Facundo Campazzo,1610612743,Denver Nuggets,4,6,15,Missed Shot,Driving Layup Shot,2PT Field Goal,In The Paint (Non-RA),Center(C),Less Than 8 ft.,6,-59,19,1,0,20210323,ORL,DEN
167,Shot Chart Detail,0022000668,141,1630267,Facundo Campazzo,1610612743,Denver Nuggets,1,0,50,Missed Shot,Jump Shot,3PT Field Goal,Above the Break 3,Right Side Center(RC),24+ ft.,24,213,121,1,0,20210324,TOR,DEN
168,Shot Chart Detail,0022000668,177,1630267,Facundo Campazzo,1610612743,Denver Nuggets,2,10,33,Missed Shot,Jump Shot,3PT Field Goal,Above the Break 3,Center(C),24+ ft.,26,-81,251,1,0,20210324,TOR,DEN
169,Shot Chart Detail,0022000668,205,1630267,Facundo Campazzo,1610612743,Denver Nuggets,2,8,22,Missed Shot,Cutting Layup Shot,2PT Field Goal,Restricted Area,Center(C),Less Than 8 ft.,1,-2,19,1,0,20210324,TOR,DEN
170,Shot Chart Detail,0022000668,233,1630267,Facundo Campazzo,1610612743,Denver Nuggets,2,7,18,Missed Shot,Jump Shot,3PT Field Goal,Right Corner 3,Right Side(R),24+ ft.,24,230,82,1,0,20210324,TOR,DEN
171,Shot Chart Detail,0022000668,501,1630267,Facundo Campazzo,1610612743,Denver Nuggets,4,9,18,Made Shot,Jump Shot,3PT Field Goal,Above the Break 3,Left Side Center(LC),24+ ft.,25,-163,191,1,1,20210324,TOR,DEN
172,Shot Chart Detail,0022000668,528,1630267,Facundo Campazzo,1610612743,Denver Nuggets,4,7,27,Made Shot,Jump Shot,3PT Field Goal,Right Corner 3,Right Side(R),24+ ft.,23,234,47,1,1,20210324,TOR,DEN
173,Shot Chart Detail,0022000689,154,1630267,Facundo Campazzo,1610612743,Denver Nuggets,1,0,15,Missed Shot,Driving Finger Roll Layup Shot,2PT Field Goal,Restricted Area,Center(C),Less Than 8 ft.,3,-3,36,1,0,20210326,NOP,DEN
174,Shot Chart Detail,0022000689,197,1630267,Facundo Campazzo,1610612743,Denver Nuggets,2,9,34,Missed Shot,Driving Layup Shot,2PT Field Goal,Restricted Area,Center(C),Less Than 8 ft.,2,16,20,1,0,20210326,NOP,DEN
175,Shot Chart Detail,0022000705,394,1630267,Facundo Campazzo,1610612743,Denver Nuggets,3,1,31,Made Shot,Jump Shot,3PT Field Goal,Above the Break 3,Right Side Center(RC),24+ ft.,26,100,240,1,1,20210328,DEN,ATL
176,Shot Chart Detail,0022000705,521,1630267,Facundo Campazzo,1610612743,Denver Nuggets,4,5,20,Made Shot,Jump Shot,3PT Field Goal,Above the Break 3,Right Side Center(RC),24+ ft.,26,197,172,1,1,20210328,DEN,ATL
177,Shot Chart Detail,0022000719,230,1630267,Facundo Campazzo,1610612743,Denver Nuggets,2,6,30,Missed Shot,Jump Shot,3PT Field Goal,Right Corner 3,Right Side(R),24+ ft.,24,239,29,1,0,20210330,DEN,PHI
178,Shot Chart Detail,0022000719,255,1630267,Facundo Campazzo,1610612743,Denver Nuggets,2,5,2,Missed Shot,Jump Shot,3PT Field Goal,Left Corner 3,Left Side(L),24+ ft.,23,-232,58,1,0,20210330,DEN,PHI
179,Shot Chart Detail,0022000719,267,1630267,Facundo Campazzo,1610612743,Denver Nuggets,2,3,29,Missed Shot,Pullup Jump shot,3PT Field Goal,Above the Break 3,Left Side Center(LC),24+ ft.,26,-98,246,1,0,20210330,DEN,PHI
180,Shot Chart Detail,0022000719,541,1630267,Facundo Campazzo,1610612743,Denver Nuggets,4,4,7,Missed Shot,Jump Shot,3PT Field Goal,Right Corner 3,Right Side(R),24+ ft.,22,225,27,1,0,20210330,DEN,PHI
181,Shot Chart Detail,0022000719,571,1630267,Facundo Campazzo,1610612743,Denver Nuggets,4,1,43,Missed Shot,Jump Shot,3PT Field Goal,Right Corner 3,Right Side(R),24+ ft.,23,228,62,1,0,20210330,DEN,PHI
182,Shot Chart Detail,0022000736,407,1630267,Facundo Campazzo,1610612743,Denver Nuggets,3,3,6,Made Shot,Jump Shot,3PT Field Goal,Above the Break 3,Left Side Center(LC),24+ ft.,26,-191,180,1,1,20210401,LAC,DEN
183,Shot Chart Detail,0022000761,153,1630267,Facundo Campazzo,1610612743,Denver Nuggets,1,0,2,Missed Shot,Jump Shot,3PT Field Goal,Right Corner 3,Right Side(R),24+ ft.,24,230,69,1,0,20210404,DEN,ORL
184,Shot Chart Detail,0022000761,164,1630267,Facundo Campazzo,1610612743,Denver Nuggets,2,11,16,Missed Shot,Jump Shot,3PT Field Goal,Above the Break 3,Left Side Center(LC),24+ ft.,24,-154,193,1,0,20210404,DEN,ORL
185,Shot Chart Detail,0022000761,498,1630267,Facundo Campazzo,1610612743,Denver Nuggets,4,11,33,Made Shot,Driving Floating Jump Shot,2PT Field Goal,In The Paint (Non-RA),Center(C),Less Than 8 ft.,5,41,43,1,1,20210404,DEN,ORL
186,Shot Chart Detail,0022000782,214,1630267,Facundo Campazzo,1610612743,Denver Nuggets,2,7,15,Missed Shot,Jump Shot,3PT Field Goal,Above the Break 3,Right Side Center(RC),24+ ft.,26,150,213,1,0,20210407,DEN,SAS
187,Shot Chart Detail,0022000782,237,1630267,Facundo Campazzo,1610612743,Denver Nuggets,2,6,13,Missed Shot,Jump Shot,3PT Field Goal,Above the Break 3,Center(C),24+ ft.,25,57,250,1,0,20210407,DEN,SAS
188,Shot Chart Detail,0022000782,404,1630267,Facundo Campazzo,1610612743,Denver Nuggets,3,5,42,Made Shot,Jump Shot,3PT Field Goal,Above the Break 3,Right Side Center(RC),24+ ft.,25,192,175,1,1,20210407,DEN,SAS
189,Shot Chart Detail,0022000782,501,1630267,Facundo Campazzo,1610612743,Denver Nuggets,4,11,50,Missed Shot,Pullup Jump shot,2PT Field Goal,Mid-Range,Right Side Center(RC),16-24 ft.,17,102,137,1,0,20210407,DEN,SAS
190,Shot Chart Detail,0022000782,581,1630267,Facundo Campazzo,1610612743,Denver Nuggets,4,6,37,Missed Shot,Driving Finger Roll Layup Shot,2PT Field Goal,Restricted Area,Center(C),Less Than 8 ft.,2,-18,21,1,0,20210407,DEN,SAS
191,Shot Chart Detail,0022000782,596,1630267,Facundo Campazzo,1610612743,Denver Nuggets,4,5,41,Made Shot,Jump Shot,3PT Field Goal,Above the Break 3,Left Side Center(LC),24+ ft.,26,-148,215,1,1,20210407,DEN,SAS
192,Shot Chart Detail,0022000782,651,1630267,Facundo Campazzo,1610612743,Denver Nuggets,4,2,48,Missed Shot,Pullup Jump shot,3PT Field Goal,Above the Break 3,Left Side Center(LC),24+ ft.,26,-112,237,1,0,20210407,DEN,SAS
193,Shot Chart Detail,0022000797,30,1630267,Facundo Campazzo,1610612743,Denver Nuggets,1,9,24,Missed Shot,Jump Shot,3PT Field Goal,Above the Break 3,Right Side Center(RC),24+ ft.,25,93,242,1,0,20210409,DEN,SAS
194,Shot Chart Detail,0022000797,202,1630267,Facundo Campazzo,1610612743,Denver Nuggets,2,8,15,Made Shot,Pullup Jump shot,3PT Field Goal,Above the Break 3,Right Side Center(RC),24+ ft.,25,158,206,1,1,20210409,DEN,SAS
195,Shot Chart Detail,0022000806,74,1630267,Facundo Campazzo,1610612743,Denver Nuggets,1,5,1,Made Shot,Jump Shot,3PT Field Goal,Left Corner 3,Left Side(L),24+ ft.,23,-234,10,1,1,20210411,DEN,BOS
196,Shot Chart Detail,0022000806,256,1630267,Facundo Campazzo,1610612743,Denver Nuggets,2,6,19,Made Shot,Jump Shot,3PT Field Goal,Above the Break 3,Center(C),24+ ft.,25,22,257,1,1,20210411,DEN,BOS
197,Shot Chart Detail,0022000806,279,1630267,Facundo Campazzo,1610612743,Denver Nuggets,2,4,4,Made Shot,Driving Finger Roll Layup Shot,2PT Field Goal,Restricted Area,Center(C),Less Than 8 ft.,2,-25,9,1,1,20210411,DEN,BOS
198,Shot Chart Detail,0022000806,381,1630267,Facundo Campazzo,1610612743,Denver Nuggets,3,7,27,Made Shot,Cutting Layup Shot,2PT Field Goal,Restricted Area,Center(C),Less Than 8 ft.,3,32,11,1,1,20210411,DEN,BOS
199,Shot Chart Detail,0022000806,454,1630267,Facundo Campazzo,1610612743,Denver Nuggets,3,2,17,Made Shot,Jump Shot,3PT Field Goal,Above the Break 3,Right Side Center(RC),24+ ft.,25,147,209,1,1,20210411,DEN,BOS
200,Shot Chart Detail,0022000806,622,1630267,Facundo Campazzo,1610612743,Denver Nuggets,4,2,18,Missed Shot,Layup Shot,2PT Field Goal,Restricted Area,Center(C),Less Than 8 ft.,3,29,8,1,0,20210411,DEN,BOS
201,Shot Chart Detail,0022000821,159,1630267,Facundo Campazzo,1610612743,Denver Nuggets,2,11,19,Missed Shot,Driving Layup Shot,2PT Field Goal,Restricted Area,Center(C),Less Than 8 ft.,3,-5,32,1,0,20210412,GSW,DEN
202,Shot Chart Detail,0022000821,196,1630267,Facundo Campazzo,1610612743,Denver Nuggets,2,8,1,Made Shot,Pullup Jump shot,3PT Field Goal,Above the Break 3,Center(C),24+ ft.,29,44,292,1,1,20210412,GSW,DEN
203,Shot Chart Detail,0022000821,415,1630267,Facundo Campazzo,1610612743,Denver Nuggets,3,4,16,Made Shot,Jump Shot,3PT Field Goal,Left Corner 3,Left Side(L),24+ ft.,23,-230,37,1,1,20210412,GSW,DEN
204,Shot Chart Detail,0022000838,414,1630267,Facundo Campazzo,1610612743,Denver Nuggets,3,1,53,Made Shot,Running Finger Roll Layup Shot,2PT Field Goal,Restricted Area,Center(C),Less Than 8 ft.,2,22,13,1,1,20210414,DEN,MIA
205,Shot Chart Detail,0022000838,418,1630267,Facundo Campazzo,1610612743,Denver Nuggets,3,1,26,Missed Shot,Jump Bank Shot,3PT Field Goal,Above the Break 3,Center(C),24+ ft.,25,-27,255,1,0,20210414,DEN,MIA
206,Shot Chart Detail,0022000838,439,1630267,Facundo Campazzo,1610612743,Denver Nuggets,3,0,1,Made Shot,Step Back Jump shot,3PT Field Goal,Above the Break 3,Left Side Center(LC),24+ ft.,24,-154,194,1,1,20210414,DEN,MIA
207,Shot Chart Detail,0022000838,468,1630267,Facundo Campazzo,1610612743,Denver Nuggets,4,9,24,Made Shot,Jump Shot,3PT Field Goal,Above the Break 3,Center(C),24+ ft.,25,-68,246,1,1,20210414,DEN,MIA
208,Shot Chart Detail,0022000838,540,1630267,Facundo Campazzo,1610612743,Denver Nuggets,4,3,57,Missed Shot,Jump Shot,3PT Field Goal,Right Corner 3,Right Side(R),24+ ft.,23,231,51,1,0,20210414,DEN,MIA
209,Shot Chart Detail,0022000851,175,1630267,Facundo Campazzo,1610612743,Denver Nuggets,2,9,38,Missed Shot,Step Back Jump shot,3PT Field Goal,Above the Break 3,Center(C),24+ ft.,25,-8,256,1,0,20210416,HOU,DEN
210,Shot Chart Detail,0022000851,355,1630267,Facundo Campazzo,1610612743,Denver Nuggets,3,8,31,Made Shot,Jump Shot,3PT Field Goal,Above the Break 3,Left Side Center(LC),24+ ft.,26,-157,212,1,1,20210416,HOU,DEN
211,Shot Chart Detail,0022000851,419,1630267,Facundo Campazzo,1610612743,Denver Nuggets,3,3,19,Made Shot,Jump Shot,3PT Field Goal,Above the Break 3,Left Side Center(LC),24+ ft.,26,-133,227,1,1,20210416,HOU,DEN
212,Shot Chart Detail,0022000851,443,1630267,Facundo Campazzo,1610612743,Denver Nuggets,3,1,57,Missed Shot,Cutting Layup Shot,2PT Field Goal,Restricted Area,Center(C),Less Than 8 ft.,2,14,17,1,0,20210416,HOU,DEN
213,Shot Chart Detail,0022000851,550,1630267,Facundo Campazzo,1610612743,Denver Nuggets,4,5,17,Missed Shot,Jump Shot,3PT Field Goal,Left Corner 3,Left Side(L),24+ ft.,23,-226,78,1,0,20210416,HOU,DEN
214,Shot Chart Detail,0022000874,20,1630267,Facundo Campazzo,1610612743,Denver Nuggets,1,9,58,Missed Shot,Jump Shot,3PT Field Goal,Above the Break 3,Center(C),24+ ft.,25,16,258,1,0,20210419,DEN,MEM
215,Shot Chart Detail,0022000874,85,1630267,Facundo Campazzo,1610612743,Denver Nuggets,1,4,40,Missed Shot,Jump Shot,3PT Field Goal,Above the Break 3,Left Side Center(LC),24+ ft.,24,-211,126,1,0,20210419,DEN,MEM
216,Shot Chart Detail,0022000874,89,1630267,Facundo Campazzo,1610612743,Denver Nuggets,1,4,19,Missed Shot,Driving Floating Jump Shot,2PT Field Goal,In The Paint (Non-RA),Center(C),8-16 ft.,12,43,122,1,0,20210419,DEN,MEM
217,Shot Chart Detail,0022000874,240,1630267,Facundo Campazzo,1610612743,Denver Nuggets,2,5,20,Missed Shot,Jump Shot,3PT Field Goal,Above the Break 3,Center(C),24+ ft.,26,70,253,1,0,20210419,DEN,MEM
218,Shot Chart Detail,0022000874,364,1630267,Facundo Campazzo,1610612743,Denver Nuggets,3,10,40,Missed Shot,Jump Shot,3PT Field Goal,Above the Break 3,Right Side Center(RC),24+ ft.,24,217,120,1,0,20210419,DEN,MEM
219,Shot Chart Detail,0022000874,401,1630267,Facundo Campazzo,1610612743,Denver Nuggets,3,7,45,Made Shot,Jump Shot,3PT Field Goal,Right Corner 3,Right Side(R),24+ ft.,22,223,54,1,1,20210419,DEN,MEM
220,Shot Chart Detail,0022000874,590,1630267,Facundo Campazzo,1610612743,Denver Nuggets,4,5,18,Missed Shot,Jump Shot,3PT Field Goal,Above the Break 3,Right Side Center(RC),24+ ft.,24,176,169,1,0,20210419,DEN,MEM
221,Shot Chart Detail,0022000874,670,1630267,Facundo Campazzo,1610612743,Denver Nuggets,5,3,4,Missed Shot,Jump Shot,3PT Field Goal,Above the Break 3,Left Side Center(LC),24+ ft.,26,-82,247,1,0,20210419,DEN,MEM
222,Shot Chart Detail,0022000890,70,1630267,Facundo Campazzo,1610612743,Denver Nuggets,1,4,47,Made Shot,Jump Shot,3PT Field Goal,Above the Break 3,Right Side Center(RC),24+ ft.,25,147,210,1,1,20210421,POR,DEN
223,Shot Chart Detail,0022000890,249,1630267,Facundo Campazzo,1610612743,Denver Nuggets,2,3,4,Made Shot,Running Jump Shot,3PT Field Goal,Right Corner 3,Right Side(R),24+ ft.,23,234,6,1,1,20210421,POR,DEN
224,Shot Chart Detail,0022000890,274,1630267,Facundo Campazzo,1610612743,Denver Nuggets,2,0,36,Made Shot,Jump Shot,3PT Field Goal,Left Corner 3,Left Side(L),24+ ft.,22,-227,4,1,1,20210421,POR,DEN
225,Shot Chart Detail,0022000890,305,1630267,Facundo Campazzo,1610612743,Denver Nuggets,3,9,47,Missed Shot,Tip Layup Shot,2PT Field Goal,Restricted Area,Center(C),Less Than 8 ft.,0,0,0,1,0,20210421,POR,DEN
226,Shot Chart Detail,0022000890,310,1630267,Facundo Campazzo,1610612743,Denver Nuggets,3,9,16,Missed Shot,Pullup Jump shot,3PT Field Goal,Above the Break 3,Right Side Center(RC),24+ ft.,29,183,236,1,0,20210421,POR,DEN
227,Shot Chart Detail,0022000890,404,1630267,Facundo Campazzo,1610612743,Denver Nuggets,3,1,51,Made Shot,Pullup Jump shot,3PT Field Goal,Left Corner 3,Left Side(L),24+ ft.,24,-231,73,1,1,20210421,POR,DEN
228,Shot Chart Detail,0022000903,16,1630267,Facundo Campazzo,1610612743,Denver Nuggets,1,10,48,Missed Shot,Pullup Jump shot,2PT Field Goal,Mid-Range,Right Side(R),8-16 ft.,14,136,47,1,0,20210423,GSW,DEN
229,Shot Chart Detail,0022000903,24,1630267,Facundo Campazzo,1610612743,Denver Nuggets,1,9,44,Missed Shot,Pullup Jump shot,3PT Field Goal,Above the Break 3,Right Side Center(RC),24+ ft.,26,213,157,1,0,20210423,GSW,DEN
230,Shot Chart Detail,0022000903,149,1630267,Facundo Campazzo,1610612743,Denver Nuggets,1,0,59,Missed Shot,Jump Shot,3PT Field Goal,Above the Break 3,Left Side Center(LC),24+ ft.,25,-179,176,1,0,20210423,GSW,DEN
231,Shot Chart Detail,0022000903,208,1630267,Facundo Campazzo,1610612743,Denver Nuggets,2,8,0,Made Shot,Jump Shot,3PT Field Goal,Above the Break 3,Right Side Center(RC),24+ ft.,25,158,206,1,1,20210423,GSW,DEN
232,Shot Chart Detail,0022000903,305,1630267,Facundo Campazzo,1610612743,Denver Nuggets,2,1,30,Missed Shot,Jump Shot,3PT Field Goal,Above the Break 3,Left Side Center(LC),24+ ft.,25,-140,219,1,0,20210423,GSW,DEN
233,Shot Chart Detail,0022000903,331,1630267,Facundo Campazzo,1610612743,Denver Nuggets,3,11,23,Missed Shot,Running Pull-Up Jump Shot,3PT Field Goal,Above the Break 3,Left Side Center(LC),24+ ft.,25,-188,165,1,0,20210423,GSW,DEN
234,Shot Chart Detail,0022000903,418,1630267,Facundo Campazzo,1610612743,Denver Nuggets,3,4,11,Missed Shot,Jump Shot,3PT Field Goal,Above the Break 3,Left Side Center(LC),24+ ft.,26,-87,252,1,0,20210423,GSW,DEN
235,Shot Chart Detail,0022000903,547,1630267,Facundo Campazzo,1610612743,Denver Nuggets,4,6,56,Missed Shot,Step Back Jump shot,3PT Field Goal,Above the Break 3,Center(C),24+ ft.,25,-9,259,1,0,20210423,GSW,DEN
236,Shot Chart Detail,0022000910,138,1630267,Facundo Campazzo,1610612743,Denver Nuggets,1,0,0,Missed Shot,Jump Shot,3PT Field Goal,Above the Break 3,Center(C),24+ ft.,26,49,258,1,0,20210424,DEN,HOU
237,Shot Chart Detail,0022000910,148,1630267,Facundo Campazzo,1610612743,Denver Nuggets,2,11,37,Made Shot,Running Finger Roll Layup Shot,2PT Field Goal,Restricted Area,Center(C),Less Than 8 ft.,2,20,18,1,1,20210424,DEN,HOU
238,Shot Chart Detail,0022000910,256,1630267,Facundo Campazzo,1610612743,Denver Nuggets,2,2,58,Missed Shot,Jump Shot,3PT Field Goal,Above the Break 3,Left Side Center(LC),24+ ft.,27,-179,207,1,0,20210424,DEN,HOU
239,Shot Chart Detail,0022000910,510,1630267,Facundo Campazzo,1610612743,Denver Nuggets,4,7,37,Missed Shot,Running Layup Shot,2PT Field Goal,Restricted Area,Center(C),Less Than 8 ft.,3,22,21,1,0,20210424,DEN,HOU
240,Shot Chart Detail,0022000910,542,1630267,Facundo Campazzo,1610612743,Denver Nuggets,4,4,38,Missed Shot,Jump Shot,3PT Field Goal,Left Corner 3,Left Side(L),24+ ft.,23,-236,-4,1,0,20210424,DEN,HOU
241,Shot Chart Detail,0022000925,115,1630267,Facundo Campazzo,1610612743,Denver Nuggets,1,4,1,Missed Shot,Pullup Jump shot,2PT Field Goal,In The Paint (Non-RA),Center(C),8-16 ft.,11,2,115,1,0,20210426,DEN,MEM
242,Shot Chart Detail,0022000925,209,1630267,Facundo Campazzo,1610612743,Denver Nuggets,2,9,5,Missed Shot,Pullup Jump shot,2PT Field Goal,In The Paint (Non-RA),Center(C),8-16 ft.,13,-64,122,1,0,20210426,DEN,MEM
243,Shot Chart Detail,0022000925,217,1630267,Facundo Campazzo,1610612743,Denver Nuggets,2,8,24,Made Shot,Running Jump Shot,3PT Field Goal,Left Corner 3,Left Side(L),24+ ft.,23,-230,8,1,1,20210426,DEN,MEM
244,Shot Chart Detail,0022000925,314,1630267,Facundo Campazzo,1610612743,Denver Nuggets,2,1,26,Missed Shot,Jump Shot,3PT Field Goal,Right Corner 3,Right Side(R),24+ ft.,22,226,17,1,0,20210426,DEN,MEM
245,Shot Chart Detail,0022000925,336,1630267,Facundo Campazzo,1610612743,Denver Nuggets,2,0,3,Made Shot,Driving Finger Roll Layup Shot,2PT Field Goal,Restricted Area,Center(C),Less Than 8 ft.,3,29,22,1,1,20210426,DEN,MEM
246,Shot Chart Detail,0022000925,383,1630267,Facundo Campazzo,1610612743,Denver Nuggets,3,9,4,Missed Shot,Jump Shot,3PT Field Goal,Above the Break 3,Right Side Center(RC),24+ ft.,26,82,252,1,0,20210426,DEN,MEM
247,Shot Chart Detail,0022000925,405,1630267,Facundo Campazzo,1610612743,Denver Nuggets,3,7,17,Made Shot,Running Finger Roll Layup Shot,2PT Field Goal,Restricted Area,Center(C),Less Than 8 ft.,1,-6,12,1,1,20210426,DEN,MEM
248,Shot Chart Detail,0022000925,424,1630267,Facundo Campazzo,1610612743,Denver Nuggets,3,5,56,Missed Shot,Jump Shot,3PT Field Goal,Above the Break 3,Left Side Center(LC),24+ ft.,25,-150,205,1,0,20210426,DEN,MEM
249,Shot Chart Detail,0022000940,182,1630267,Facundo Campazzo,1610612743,Denver Nuggets,2,10,31,Made Shot,Driving Floating Bank Jump Shot,2PT Field Goal,Restricted Area,Center(C),Less Than 8 ft.,3,30,12,1,1,20210428,DEN,NOP
250,Shot Chart Detail,0022000940,200,1630267,Facundo Campazzo,1610612743,Denver Nuggets,2,9,22,Made Shot,Running Finger Roll Layup Shot,2PT Field Goal,Restricted Area,Center(C),Less Than 8 ft.,1,15,-3,1,1,20210428,DEN,NOP
251,Shot Chart Detail,0022000940,312,1630267,Facundo Campazzo,1610612743,Denver Nuggets,2,1,9,Missed Shot,Step Back Jump shot,3PT Field Goal,Above the Break 3,Center(C),24+ ft.,25,8,258,1,0,20210428,DEN,NOP
252,Shot Chart Detail,0022000940,531,1630267,Facundo Campazzo,1610612743,Denver Nuggets,4,9,7,Made Shot,Pullup Jump shot,3PT Field Goal,Above the Break 3,Center(C),24+ ft.,25,70,240,1,1,20210428,DEN,NOP
253,Shot Chart Detail,0022000940,542,1630267,Facundo Campazzo,1610612743,Denver Nuggets,4,7,57,Missed Shot,Jump Shot,3PT Field Goal,Left Corner 3,Left Side(L),24+ ft.,23,-233,20,1,0,20210428,DEN,NOP
254,Shot Chart Detail,0022000940,579,1630267,Facundo Campazzo,1610612743,Denver Nuggets,4,6,23,Made Shot,Running Finger Roll Layup Shot,2PT Field Goal,Restricted Area,Center(C),Less Than 8 ft.,1,-6,8,1,1,20210428,DEN,NOP
255,Shot Chart Detail,0022000940,598,1630267,Facundo Campazzo,1610612743,Denver Nuggets,4,3,59,Made Shot,Jump Shot,3PT Field Goal,Above the Break 3,Right Side Center(RC),24+ ft.,26,100,240,1,1,20210428,DEN,NOP
256,Shot Chart Detail,0022000940,602,1630267,Facundo Campazzo,1610612743,Denver Nuggets,4,3,18,Made Shot,Jump Shot,3PT Field Goal,Above the Break 3,Center(C),24+ ft.,25,-18,253,1,1,20210428,DEN,NOP
257,Shot Chart Detail,0022000940,610,1630267,Facundo Campazzo,1610612743,Denver Nuggets,4,2,33,Missed Shot,Jump Shot,3PT Field Goal,Right Corner 3,Right Side(R),24+ ft.,23,236,19,1,0,20210428,DEN,NOP
258,Shot Chart Detail,0022000948,28,1630267,Facundo Campazzo,1610612743,Denver Nuggets,1,9,35,Made Shot,Driving Layup Shot,2PT Field Goal,Restricted Area,Center(C),Less Than 8 ft.,1,10,-5,1,1,20210429,DEN,TOR
259,Shot Chart Detail,0022000948,272,1630267,Facundo Campazzo,1610612743,Denver Nuggets,2,3,36,Missed Shot,Jump Shot,3PT Field Goal,Above the Break 3,Center(C),24+ ft.,25,-44,256,1,0,20210429,DEN,TOR
260,Shot Chart Detail,0022000948,366,1630267,Facundo Campazzo,1610612743,Denver Nuggets,3,9,41,Made Shot,Running Layup Shot,2PT Field Goal,Restricted Area,Center(C),Less Than 8 ft.,1,3,10,1,1,20210429,DEN,TOR
261,Shot Chart Detail,0022000948,413,1630267,Facundo Campazzo,1610612743,Denver Nuggets,3,4,34,Made Shot,Floating Jump shot,2PT Field Goal,Mid-Range,Right Side(R),8-16 ft.,10,87,54,1,1,20210429,DEN,TOR
262,Shot Chart Detail,0022000948,424,1630267,Facundo Campazzo,1610612743,Denver Nuggets,3,3,46,Missed Shot,Floating Jump shot,2PT Field Goal,In The Paint (Non-RA),Center(C),8-16 ft.,11,49,99,1,0,20210429,DEN,TOR
263,Shot Chart Detail,0022000966,69,1630267,Facundo Campazzo,1610612743,Denver Nuggets,1,4,32,Made Shot,Jump Shot,3PT Field Goal,Left Corner 3,Left Side(L),24+ ft.,24,-242,-7,1,1,20210501,LAC,DEN
264,Shot Chart Detail,0022000966,234,1630267,Facundo Campazzo,1610612743,Denver Nuggets,2,5,4,Missed Shot,Jump Shot,3PT Field Goal,Above the Break 3,Left Side Center(LC),24+ ft.,26,-111,245,1,0,20210501,LAC,DEN
265,Shot Chart Detail,0022000966,330,1630267,Facundo Campazzo,1610612743,Denver Nuggets,3,11,20,Missed Shot,Jump Shot,3PT Field Goal,Above the Break 3,Center(C),24+ ft.,27,51,272,1,0,20210501,LAC,DEN
266,Shot Chart Detail,0022000966,585,1630267,Facundo Campazzo,1610612743,Denver Nuggets,4,1,8,Made Shot,Jump Shot,3PT Field Goal,Left Corner 3,Left Side(L),24+ ft.,23,-231,60,1,1,20210501,LAC,DEN
267,Shot Chart Detail,0022000982,21,1630267,Facundo Campazzo,1610612743,Denver Nuggets,1,10,14,Missed Shot,Jump Shot,3PT Field Goal,Above the Break 3,Right Side Center(RC),24+ ft.,24,154,190,1,0,20210503,LAL,DEN
268,Shot Chart Detail,0022000982,308,1630267,Facundo Campazzo,1610612743,Denver Nuggets,2,1,6,Missed Shot,Jump Shot,3PT Field Goal,Above the Break 3,Right Side Center(RC),24+ ft.,26,225,143,1,0,20210503,LAL,DEN
269,Shot Chart Detail,0022000982,330,1630267,Facundo Campazzo,1610612743,Denver Nuggets,3,11,39,Made Shot,Reverse Layup Shot,2PT Field Goal,Restricted Area,Center(C),Less Than 8 ft.,1,-14,0,1,1,20210503,LAL,DEN
270,Shot Chart Detail,0022000982,440,1630267,Facundo Campazzo,1610612743,Denver Nuggets,3,3,54,Made Shot,Driving Layup Shot,2PT Field Goal,Restricted Area,Center(C),Less Than 8 ft.,3,-14,36,1,1,20210503,LAL,DEN
271,Shot Chart Detail,0022000982,452,1630267,Facundo Campazzo,1610612743,Denver Nuggets,3,2,53,Made Shot,Running Pull-Up Jump Shot,3PT Field Goal,Above the Break 3,Left Side Center(LC),24+ ft.,24,-176,176,1,1,20210503,LAL,DEN
272,Shot Chart Detail,0022000982,641,1630267,Facundo Campazzo,1610612743,Denver Nuggets,4,0,7,Missed Shot,Jump Shot,3PT Field Goal,Above the Break 3,Right Side Center(RC),24+ ft.,25,163,199,1,0,20210503,LAL,DEN
273,Shot Chart Detail,0022000995,44,1630267,Facundo Campazzo,1610612743,Denver Nuggets,1,8,19,Missed Shot,Running Finger Roll Layup Shot,2PT Field Goal,Restricted Area,Center(C),Less Than 8 ft.,1,5,11,1,0,20210505,DEN,NYK
274,Shot Chart Detail,0022000995,50,1630267,Facundo Campazzo,1610612743,Denver Nuggets,1,7,46,Missed Shot,Jump Shot,3PT Field Goal,Above the Break 3,Right Side Center(RC),24+ ft.,25,176,191,1,0,20210505,DEN,NYK
275,Shot Chart Detail,0022000995,159,1630267,Facundo Campazzo,1610612743,Denver Nuggets,1,1,38,Missed Shot,Step Back Jump shot,3PT Field Goal,Above the Break 3,Right Side Center(RC),24+ ft.,25,102,230,1,0,20210505,DEN,NYK
276,Shot Chart Detail,0022000995,189,1630267,Facundo Campazzo,1610612743,Denver Nuggets,2,11,37,Made Shot,Driving Floating Bank Jump Shot,2PT Field Goal,In The Paint (Non-RA),Center(C),Less Than 8 ft.,6,-44,48,1,1,20210505,DEN,NYK
277,Shot Chart Detail,0022000995,296,1630267,Facundo Campazzo,1610612743,Denver Nuggets,2,2,49,Missed Shot,Jump Shot,3PT Field Goal,Right Corner 3,Right Side(R),24+ ft.,23,226,44,1,0,20210505,DEN,NYK
278,Shot Chart Detail,0022000995,306,1630267,Facundo Campazzo,1610612743,Denver Nuggets,2,2,13,Made Shot,Jump Shot,3PT Field Goal,Right Corner 3,Right Side(R),24+ ft.,23,234,6,1,1,20210505,DEN,NYK
279,Shot Chart Detail,0022000995,324,1630267,Facundo Campazzo,1610612743,Denver Nuggets,2,0,30,Made Shot,Running Jump Shot,3PT Field Goal,Above the Break 3,Right Side Center(RC),24+ ft.,24,168,185,1,1,20210505,DEN,NYK
280,Shot Chart Detail,0022000995,342,1630267,Facundo Campazzo,1610612743,Denver Nuggets,3,11,26,Missed Shot,Jump Shot,3PT Field Goal,Right Corner 3,Right Side(R),24+ ft.,23,229,52,1,0,20210505,DEN,NYK
281,Shot Chart Detail,0022000995,495,1630267,Facundo Campazzo,1610612743,Denver Nuggets,3,1,29,Missed Shot,Running Finger Roll Layup Shot,2PT Field Goal,In The Paint (Non-RA),Center(C),Less Than 8 ft.,5,-48,-16,1,0,20210505,DEN,NYK
282,Shot Chart Detail,0022000995,520,1630267,Facundo Campazzo,1610612743,Denver Nuggets,3,0,25,Made Shot,Driving Finger Roll Layup Shot,2PT Field Goal,In The Paint (Non-RA),Center(C),Less Than 8 ft.,5,-52,-8,1,1,20210505,DEN,NYK
283,Shot Chart Detail,0022000995,526,1630267,Facundo Campazzo,1610612743,Denver Nuggets,3,0,0,Missed Shot,Jump Shot,3PT Field Goal,Above the Break 3,Right Side Center(RC),24+ ft.,25,204,153,1,0,20210505,DEN,NYK
284,Shot Chart Detail,0022000995,575,1630267,Facundo Campazzo,1610612743,Denver Nuggets,4,8,34,Made Shot,Driving Finger Roll Layup Shot,2PT Field Goal,In The Paint (Non-RA),Center(C),Less Than 8 ft.,5,-59,-1,1,1,20210505,DEN,NYK
285,Shot Chart Detail,0022001008,14,1630267,Facundo Campazzo,1610612743,Denver Nuggets,1,10,58,Made Shot,Running Layup Shot,2PT Field Goal,Restricted Area,Center(C),Less Than 8 ft.,2,-20,-2,1,1,20210507,UTA,DEN
286,Shot Chart Detail,0022001008,62,1630267,Facundo Campazzo,1610612743,Denver Nuggets,1,5,55,Missed Shot,Jump Shot,3PT Field Goal,Right Corner 3,Right Side(R),24+ ft.,23,234,43,1,0,20210507,UTA,DEN
287,Shot Chart Detail,0022001008,179,1630267,Facundo Campazzo,1610612743,Denver Nuggets,2,11,6,Made Shot,Step Back Jump shot,3PT Field Goal,Above the Break 3,Center(C),24+ ft.,24,3,245,1,1,20210507,UTA,DEN
288,Shot Chart Detail,0022001008,276,1630267,Facundo Campazzo,1610612743,Denver Nuggets,2,2,58,Missed Shot,Jump Shot,3PT Field Goal,Left Corner 3,Left Side(L),24+ ft.,22,-228,17,1,0,20210507,UTA,DEN
289,Shot Chart Detail,0022001008,313,1630267,Facundo Campazzo,1610612743,Denver Nuggets,2,0,0,Missed Shot,Jump Shot,3PT Field Goal,Backcourt,Back Court(BC),Back Court Shot,77,152,756,1,0,20210507,UTA,DEN
290,Shot Chart Detail,0022001008,332,1630267,Facundo Campazzo,1610612743,Denver Nuggets,3,10,17,Missed Shot,Jump Shot,3PT Field Goal,Above the Break 3,Center(C),24+ ft.,25,5,258,1,0,20210507,UTA,DEN
291,Shot Chart Detail,0022001008,393,1630267,Facundo Campazzo,1610612743,Denver Nuggets,3,6,0,Missed Shot,Jump Shot,3PT Field Goal,Right Corner 3,Right Side(R),24+ ft.,23,232,0,1,0,20210507,UTA,DEN
292,Shot Chart Detail,0022001008,479,1630267,Facundo Campazzo,1610612743,Denver Nuggets,4,11,51,Missed Shot,Pullup Jump shot,3PT Field Goal,Above the Break 3,Right Side Center(RC),24+ ft.,25,86,235,1,0,20210507,UTA,DEN
293,Shot Chart Detail,0022001008,502,1630267,Facundo Campazzo,1610612743,Denver Nuggets,4,9,40,Missed Shot,Driving Floating Jump Shot,2PT Field Goal,Mid-Range,Center(C),16-24 ft.,20,-9,200,1,0,20210507,UTA,DEN
294,Shot Chart Detail,0022001008,516,1630267,Facundo Campazzo,1610612743,Denver Nuggets,4,9,5,Missed Shot,Running Layup Shot,2PT Field Goal,Restricted Area,Center(C),Less Than 8 ft.,3,22,21,1,0,20210507,UTA,DEN
295,Shot Chart Detail,0022001015,54,1630267,Facundo Campazzo,1610612743,Denver Nuggets,1,6,14,Missed Shot,Pullup Jump shot,2PT Field Goal,In The Paint (Non-RA),Center(C),8-16 ft.,13,-33,134,1,0,20210508,DEN,BKN
296,Shot Chart Detail,0022001015,133,1630267,Facundo Campazzo,1610612743,Denver Nuggets,1,0,32,Made Shot,Pullup Jump shot,3PT Field Goal,Above the Break 3,Right Side Center(RC),24+ ft.,25,160,195,1,1,20210508,DEN,BKN
297,Shot Chart Detail,0022001015,176,1630267,Facundo Campazzo,1610612743,Denver Nuggets,2,10,56,Made Shot,Driving Floating Jump Shot,2PT Field Goal,In The Paint (Non-RA),Left Side(L),8-16 ft.,8,-68,55,1,1,20210508,DEN,BKN
298,Shot Chart Detail,0022001015,272,1630267,Facundo Campazzo,1610612743,Denver Nuggets,2,5,3,Made Shot,Jump Shot,3PT Field Goal,Above the Break 3,Center(C),24+ ft.,27,65,263,1,1,20210508,DEN,BKN
299,Shot Chart Detail,0022001015,388,1630267,Facundo Campazzo,1610612743,Denver Nuggets,3,7,45,Made Shot,Jump Shot,3PT Field Goal,Above the Break 3,Right Side Center(RC),24+ ft.,27,85,261,1,1,20210508,DEN,BKN
300,Shot Chart Detail,0022001015,418,1630267,Facundo Campazzo,1610612743,Denver Nuggets,3,4,19,Missed Shot,Jump Shot,3PT Field Goal,Above the Break 3,Center(C),24+ ft.,25,63,252,1,0,20210508,DEN,BKN
301,Shot Chart Detail,0022001015,423,1630267,Facundo Campazzo,1610612743,Denver Nuggets,3,3,43,Missed Shot,Jump Shot,3PT Field Goal,Above the Break 3,Left Side Center(LC),24+ ft.,25,-122,221,1,0,20210508,DEN,BKN
302,Shot Chart Detail,0022001015,543,1630267,Facundo Campazzo,1610612743,Denver Nuggets,4,7,29,Missed Shot,Cutting Layup Shot,2PT Field Goal,Restricted Area,Center(C),Less Than 8 ft.,2,-21,5,1,0,20210508,DEN,BKN
303,Shot Chart Detail,0022001015,574,1630267,Facundo Campazzo,1610612743,Denver Nuggets,4,5,29,Missed Shot,Step Back Jump shot,3PT Field Goal,Above the Break 3,Right Side Center(RC),24+ ft.,25,105,229,1,0,20210508,DEN,BKN
304,Shot Chart Detail,0022001052,45,1630267,Facundo Campazzo,1610612743,Denver Nuggets,1,8,9,Missed Shot,Pullup Jump shot,3PT Field Goal,Above the Break 3,Center(C),24+ ft.,24,-13,246,1,0,20210513,MIN,DEN
305,Shot Chart Detail,0022001052,60,1630267,Facundo Campazzo,1610612743,Denver Nuggets,1,6,36,Made Shot,Running Layup Shot,2PT Field Goal,Restricted Area,Center(C),Less Than 8 ft.,0,-2,-1,1,1,20210513,MIN,DEN
306,Shot Chart Detail,0022001052,340,1630267,Facundo Campazzo,1610612743,Denver Nuggets,3,10,31,Missed Shot,Jump Shot,3PT Field Goal,Left Corner 3,Left Side(L),24+ ft.,22,-226,34,1,0,20210513,MIN,DEN
307,Shot Chart Detail,0022001052,361,1630267,Facundo Campazzo,1610612743,Denver Nuggets,3,8,37,Missed Shot,Jump Shot,3PT Field Goal,Right Corner 3,Right Side(R),24+ ft.,22,228,25,1,0,20210513,MIN,DEN
308,Shot Chart Detail,0022001052,373,1630267,Facundo Campazzo,1610612743,Denver Nuggets,3,7,36,Missed Shot,Driving Floating Bank Jump Shot,2PT Field Goal,In The Paint (Non-RA),Center(C),Less Than 8 ft.,5,49,31,1,0,20210513,MIN,DEN
309,Shot Chart Detail,0022001052,515,1630267,Facundo Campazzo,1610612743,Denver Nuggets,4,9,6,Missed Shot,Driving Reverse Layup Shot,2PT Field Goal,Restricted Area,Center(C),Less Than 8 ft.,0,-4,8,1,0,20210513,MIN,DEN
310,Shot Chart Detail,0022001052,546,1630267,Facundo Campazzo,1610612743,Denver Nuggets,4,7,14,Made Shot,Pullup Jump shot,2PT Field Goal,Mid-Range,Right Side Center(RC),16-24 ft.,22,172,148,1,1,20210513,MIN,DEN
311,Shot Chart Detail,0022001052,622,1630267,Facundo Campazzo,1610612743,Denver Nuggets,4,2,7,Missed Shot,Driving Finger Roll Layup Shot,2PT Field Goal,In The Paint (Non-RA),Center(C),Less Than 8 ft.,7,33,71,1,0,20210513,MIN,DEN
312,Shot Chart Detail,0022001076,29,1630267,Facundo Campazzo,1610612743,Denver Nuggets,1,9,17,Missed Shot,Driving Floating Jump Shot,2PT Field Goal,Restricted Area,Center(C),Less Than 8 ft.,3,16,27,1,0,20210516,POR,DEN
313,Shot Chart Detail,0022001076,242,1630267,Facundo Campazzo,1610612743,Denver Nuggets,2,5,6,Missed Shot,Pullup Jump shot,3PT Field Goal,Above the Break 3,Center(C),24+ ft.,25,17,250,1,0,20210516,POR,DEN
314,Shot Chart Detail,0022001076,305,1630267,Facundo Campazzo,1610612743,Denver Nuggets,2,0,17,Missed Shot,Step Back Jump shot,3PT Field Goal,Above the Break 3,Right Side Center(RC),24+ ft.,26,142,218,1,0,20210516,POR,DEN
0,Shot Chart Detail,0042000161,46,1630267,Facundo Campazzo,1610612743,Denver Nuggets,1,7,45,Made Shot,Jump Shot,3PT Field Goal,Above the Break 3,Right Side Center(RC),24+ ft.,24,147,195,1,1,20210522,DEN,POR
1,Shot Chart Detail,0042000161,320,1630267,Facundo Campazzo,1610612743,Denver Nuggets,3,9,44,Made Shot,Jump Shot,3PT Field Goal,Above the Break 3,Left Side Center(LC),24+ ft.,25,-92,239,1,1,20210522,DEN,POR
2,Shot Chart Detail,0042000161,415,1630267,Facundo Campazzo,1610612743,Denver Nuggets,3,1,9,Made Shot,Driving Layup Shot,2PT Field Goal,Restricted Area,Center(C),Less Than 8 ft.,2,-10,24,1,1,20210522,DEN,POR
3,Shot Chart Detail,0042000161,570,1630267,Facundo Campazzo,1610612743,Denver Nuggets,4,0,28,Missed Shot,Pullup Jump shot,3PT Field Goal,Above the Break 3,Center(C),24+ ft.,25,-3,255,1,0,20210522,DEN,POR
4,Shot Chart Detail,0042000162,14,1630267,Facundo Campazzo,1610612743,Denver Nuggets,1,11,11,Made Shot,Driving Finger Roll Layup Shot,2PT Field Goal,Restricted Area,Center(C),Less Than 8 ft.,2,25,15,1,1,20210524,DEN,POR
5,Shot Chart Detail,0042000162,17,1630267,Facundo Campazzo,1610612743,Denver Nuggets,1,10,51,Missed Shot,Driving Reverse Layup Shot,2PT Field Goal,Restricted Area,Center(C),Less Than 8 ft.,3,-29,20,1,0,20210524,DEN,POR
6,Shot Chart Detail,0042000162,44,1630267,Facundo Campazzo,1610612743,Denver Nuggets,1,7,41,Made Shot,Jump Shot,3PT Field Goal,Above the Break 3,Left Side Center(LC),24+ ft.,26,-116,237,1,1,20210524,DEN,POR
7,Shot Chart Detail,0042000162,53,1630267,Facundo Campazzo,1610612743,Denver Nuggets,1,7,11,Missed Shot,Step Back Jump shot,3PT Field Goal,Above the Break 3,Right Side Center(RC),24+ ft.,25,187,174,1,0,20210524,DEN,POR
8,Shot Chart Detail,0042000162,101,1630267,Facundo Campazzo,1610612743,Denver Nuggets,1,3,3,Missed Shot,Driving Layup Shot,2PT Field Goal,In The Paint (Non-RA),Center(C),8-16 ft.,8,26,86,1,0,20210524,DEN,POR
9,Shot Chart Detail,0042000162,285,1630267,Facundo Campazzo,1610612743,Denver Nuggets,2,2,28,Missed Shot,Jump Shot,3PT Field Goal,Above the Break 3,Right Side Center(RC),24+ ft.,24,185,158,1,0,20210524,DEN,POR
10,Shot Chart Detail,0042000162,374,1630267,Facundo Campazzo,1610612743,Denver Nuggets,3,7,32,Made Shot,Running Finger Roll Layup Shot,2PT Field Goal,Restricted Area,Center(C),Less Than 8 ft.,2,20,17,1,1,20210524,DEN,POR
11,Shot Chart Detail,0042000162,607,1630267,Facundo Campazzo,1610612743,Denver Nuggets,4,4,46,Missed Shot,Driving Finger Roll Layup Shot,2PT Field Goal,Restricted Area,Center(C),Less Than 8 ft.,3,-30,19,1,0,20210524,DEN,POR
12,Shot Chart Detail,0042000162,609,1630267,Facundo Campazzo,1610612743,Denver Nuggets,4,4,40,Made Shot,Jump Shot,3PT Field Goal,Above the Break 3,Right Side Center(RC),24+ ft.,24,212,127,1,1,20210524,DEN,POR
13,Shot Chart Detail,0042000162,652,1630267,Facundo Campazzo,1610612743,Denver Nuggets,4,2,24,Missed Shot,Driving Floating Bank Jump Shot,2PT Field Goal,In The Paint (Non-RA),Center(C),Less Than 8 ft.,6,44,50,1,0,20210524,DEN,POR
14,Shot Chart Detail,0042000163,13,1630267,Facundo Campazzo,1610612743,Denver Nuggets,1,10,33,Missed Shot,Driving Layup Shot,2PT Field Goal,Restricted Area,Center(C),Less Than 8 ft.,1,-5,14,1,0,20210527,POR,DEN
15,Shot Chart Detail,0042000163,20,1630267,Facundo Campazzo,1610612743,Denver Nuggets,1,9,53,Made Shot,Jump Shot,3PT Field Goal,Left Corner 3,Left Side(L),24+ ft.,22,-222,4,1,1,20210527,POR,DEN
16,Shot Chart Detail,0042000163,24,1630267,Facundo Campazzo,1610612743,Denver Nuggets,1,9,19,Made Shot,Pullup Jump shot,2PT Field Goal,Mid-Range,Right Side(R),8-16 ft.,12,123,1,1,1,20210527,POR,DEN
17,Shot Chart Detail,0042000163,73,1630267,Facundo Campazzo,1610612743,Denver Nuggets,1,5,29,Missed Shot,Putback Layup Shot,2PT Field Goal,Restricted Area,Center(C),Less Than 8 ft.,0,0,0,1,0,20210527,POR,DEN
18,Shot Chart Detail,0042000163,294,1630267,Facundo Campazzo,1610612743,Denver Nuggets,2,0,49,Missed Shot,Jump Shot,3PT Field Goal,Above the Break 3,Left Side Center(LC),24+ ft.,26,-196,173,1,0,20210527,POR,DEN
19,Shot Chart Detail,0042000163,325,1630267,Facundo Campazzo,1610612743,Denver Nuggets,3,10,13,Made Shot,Jump Shot,3PT Field Goal,Above the Break 3,Center(C),24+ ft.,26,3,268,1,1,20210527,POR,DEN
20,Shot Chart Detail,0042000163,333,1630267,Facundo Campazzo,1610612743,Denver Nuggets,3,9,13,Missed Shot,Step Back Jump shot,3PT Field Goal,Above the Break 3,Center(C),24+ ft.,27,68,265,1,0,20210527,POR,DEN
21,Shot Chart Detail,0042000163,376,1630267,Facundo Campazzo,1610612743,Denver Nuggets,3,5,43,Missed Shot,Jump Shot,3PT Field Goal,Above the Break 3,Left Side Center(LC),24+ ft.,28,-141,247,1,0,20210527,POR,DEN
22,Shot Chart Detail,0042000163,548,1630267,Facundo Campazzo,1610612743,Denver Nuggets,4,6,22,Missed Shot,Jump Shot,3PT Field Goal,Right Corner 3,Right Side(R),24+ ft.,23,230,0,1,0,20210527,POR,DEN
23,Shot Chart Detail,0042000164,222,1630267,Facundo Campazzo,1610612743,Denver Nuggets,2,5,13,Missed Shot,Jump Shot,3PT Field Goal,Above the Break 3,Right Side Center(RC),24+ ft.,27,133,237,1,0,20210529,POR,DEN
24,Shot Chart Detail,0042000164,243,1630267,Facundo Campazzo,1610612743,Denver Nuggets,2,3,41,Missed Shot,Driving Layup Shot,2PT Field Goal,Restricted Area,Center(C),Less Than 8 ft.,3,-30,22,1,0,20210529,POR,DEN
25,Shot Chart Detail,0042000164,263,1630267,Facundo Campazzo,1610612743,Denver Nuggets,2,1,51,Made Shot,Jump Shot,3PT Field Goal,Above the Break 3,Left Side Center(LC),24+ ft.,24,-206,141,1,1,20210529,POR,DEN
26,Shot Chart Detail,0042000164,268,1630267,Facundo Campazzo,1610612743,Denver Nuggets,2,1,19,Missed Shot,Step Back Jump shot,3PT Field Goal,Above the Break 3,Right Side Center(RC),24+ ft.,25,139,215,1,0,20210529,POR,DEN
27,Shot Chart Detail,0042000164,298,1630267,Facundo Campazzo,1610612743,Denver Nuggets,2,0,0,Missed Shot,Pullup Jump shot,3PT Field Goal,Above the Break 3,Right Side Center(RC),24+ ft.,42,212,366,1,0,20210529,POR,DEN
28,Shot Chart Detail,0042000164,352,1630267,Facundo Campazzo,1610612743,Denver Nuggets,3,8,4,Missed Shot,Running Layup Shot,2PT Field Goal,Restricted Area,Center(C),Less Than 8 ft.,2,19,13,1,0,20210529,POR,DEN
29,Shot Chart Detail,0042000164,356,1630267,Facundo Campazzo,1610612743,Denver Nuggets,3,7,53,Missed Shot,Pullup Jump shot,3PT Field Goal,Above the Break 3,Right Side Center(RC),24+ ft.,24,206,141,1,0,20210529,POR,DEN
30,Shot Chart Detail,0042000164,377,1630267,Facundo Campazzo,1610612743,Denver Nuggets,3,6,8,Made Shot,Driving Finger Roll Layup Shot,2PT Field Goal,Restricted Area,Center(C),Less Than 8 ft.,2,-20,4,1,1,20210529,POR,DEN
31,Shot Chart Detail,0042000164,508,1630267,Facundo Campazzo,1610612743,Denver Nuggets,4,8,57,Missed Shot,Jump Shot,3PT Field Goal,Above the Break 3,Left Side Center(LC),24+ ft.,25,-199,157,1,0,20210529,POR,DEN
32,Shot Chart Detail,0042000164,514,1630267,Facundo Campazzo,1610612743,Denver Nuggets,4,8,23,Made Shot,Running Jump Shot,3PT Field Goal,Right Corner 3,Right Side(R),24+ ft.,24,232,69,1,1,20210529,POR,DEN
33,Shot Chart Detail,0042000165,34,1630267,Facundo Campazzo,1610612743,Denver Nuggets,1,8,27,Missed Shot,Jump Shot,3PT Field Goal,Above the Break 3,Right Side Center(RC),24+ ft.,25,190,168,1,0,20210601,DEN,POR
34,Shot Chart Detail,0042000165,64,1630267,Facundo Campazzo,1610612743,Denver Nuggets,1,6,12,Made Shot,Driving Layup Shot,2PT Field Goal,Restricted Area,Center(C),Less Than 8 ft.,3,29,15,1,1,20210601,DEN,POR
35,Shot Chart Detail,0042000165,89,1630267,Facundo Campazzo,1610612743,Denver Nuggets,1,3,48,Missed Shot,Driving Floating Jump Shot,2PT Field Goal,Restricted Area,Center(C),Less Than 8 ft.,3,-33,12,1,0,20210601,DEN,POR
36,Shot Chart Detail,0042000165,251,1630267,Facundo Campazzo,1610612743,Denver Nuggets,2,4,28,Missed Shot,Driving Finger Roll Layup Shot,2PT Field Goal,Restricted Area,Center(C),Less Than 8 ft.,2,25,11,1,0,20210601,DEN,POR
37,Shot Chart Detail,0042000165,357,1630267,Facundo Campazzo,1610612743,Denver Nuggets,3,9,5,Missed Shot,Jump Shot,3PT Field Goal,Above the Break 3,Center(C),24+ ft.,24,57,236,1,0,20210601,DEN,POR
38,Shot Chart Detail,0042000166,7,1630267,Facundo Campazzo,1610612743,Denver Nuggets,1,11,42,Missed Shot,Pullup Jump shot,3PT Field Goal,Left Corner 3,Left Side(L),24+ ft.,24,-234,69,1,0,20210603,POR,DEN
39,Shot Chart Detail,0042000166,44,1630267,Facundo Campazzo,1610612743,Denver Nuggets,1,7,38,Missed Shot,Jump Shot,3PT Field Goal,Above the Break 3,Right Side Center(RC),24+ ft.,27,128,242,1,0,20210603,POR,DEN
40,Shot Chart Detail,0042000166,216,1630267,Facundo Campazzo,1610612743,Denver Nuggets,2,8,32,Made Shot,Running Jump Shot,3PT Field Goal,Right Corner 3,Right Side(R),24+ ft.,23,232,3,1,1,20210603,POR,DEN
41,Shot Chart Detail,0042000166,237,1630267,Facundo Campazzo,1610612743,Denver Nuggets,2,7,14,Made Shot,Driving Reverse Layup Shot,2PT Field Goal,Restricted Area,Center(C),Less Than 8 ft.,0,7,3,1,1,20210603,POR,DEN
42,Shot Chart Detail,0042000166,277,1630267,Facundo Campazzo,1610612743,Denver Nuggets,2,4,3,Missed Shot,Jump Shot,3PT Field Goal,Above the Break 3,Right Side Center(RC),24+ ft.,25,169,193,1,0,20210603,POR,DEN
43,Shot Chart Detail,0042000231,15,1630267,Facundo Campazzo,1610612743,Denver Nuggets,1,11,4,Made Shot,Pullup Jump shot,3PT Field Goal,Above the Break 3,Center(C),24+ ft.,26,20,263,1,1,20210607,PHX,DEN
44,Shot Chart Detail,0042000231,23,1630267,Facundo Campazzo,1610612743,Denver Nuggets,1,10,10,Made Shot,Driving Layup Shot,2PT Field Goal,In The Paint (Non-RA),Center(C),Less Than 8 ft.,4,47,11,1,1,20210607,PHX,DEN
45,Shot Chart Detail,0042000231,73,1630267,Facundo Campazzo,1610612743,Denver Nuggets,1,5,8,Missed Shot,Jump Shot,3PT Field Goal,Right Corner 3,Right Side(R),24+ ft.,22,228,0,1,0,20210607,PHX,DEN
46,Shot Chart Detail,0042000231,89,1630267,Facundo Campazzo,1610612743,Denver Nuggets,1,3,54,Missed Shot,Jump Shot,3PT Field Goal,Left Corner 3,Left Side(L),24+ ft.,24,-244,-22,1,0,20210607,PHX,DEN
47,Shot Chart Detail,0042000231,208,1630267,Facundo Campazzo,1610612743,Denver Nuggets,2,7,30,Made Shot,Driving Floating Jump Shot,2PT Field Goal,Restricted Area,Center(C),Less Than 8 ft.,3,-3,34,1,1,20210607,PHX,DEN
48,Shot Chart Detail,0042000231,263,1630267,Facundo Campazzo,1610612743,Denver Nuggets,2,2,39,Made Shot,Jump Shot,3PT Field Goal,Above the Break 3,Right Side Center(RC),24+ ft.,25,228,114,1,1,20210607,PHX,DEN
49,Shot Chart Detail,0042000231,276,1630267,Facundo Campazzo,1610612743,Denver Nuggets,2,1,24,Missed Shot,Jump Shot,3PT Field Goal,Left Corner 3,Left Side(L),24+ ft.,22,-227,-13,1,0,20210607,PHX,DEN
50,Shot Chart Detail,0042000231,528,1630267,Facundo Campazzo,1610612743,Denver Nuggets,4,5,7,Missed Shot,Driving Finger Roll Layup Shot,2PT Field Goal,Restricted Area,Center(C),Less Than 8 ft.,2,6,29,1,0,20210607,PHX,DEN
51,Shot Chart Detail,0042000231,542,1630267,Facundo Campazzo,1610612743,Denver Nuggets,4,2,52,Made Shot,Jump Shot,3PT Field Goal,Above the Break 3,Left Side Center(LC),24+ ft.,24,-181,169,1,1,20210607,PHX,DEN
52,Shot Chart Detail,0042000232,38,1630267,Facundo Campazzo,1610612743,Denver Nuggets,1,8,49,Missed Shot,Running Jump Shot,3PT Field Goal,Above the Break 3,Right Side Center(RC),24+ ft.,25,182,174,1,0,20210609,PHX,DEN
53,Shot Chart Detail,0042000232,123,1630267,Facundo Campazzo,1610612743,Denver Nuggets,1,1,34,Missed Shot,Driving Floating Bank Jump Shot,2PT Field Goal,In The Paint (Non-RA),Center(C),8-16 ft.,12,17,125,1,0,20210609,PHX,DEN
54,Shot Chart Detail,0042000232,226,1630267,Facundo Campazzo,1610612743,Denver Nuggets,2,6,42,Missed Shot,Running Jump Shot,3PT Field Goal,Above the Break 3,Right Side Center(RC),24+ ft.,24,128,209,1,0,20210609,PHX,DEN
55,Shot Chart Detail,0042000232,236,1630267,Facundo Campazzo,1610612743,Denver Nuggets,2,5,22,Missed Shot,Running Layup Shot,2PT Field Goal,Restricted Area,Center(C),Less Than 8 ft.,2,22,10,1,0,20210609,PHX,DEN
56,Shot Chart Detail,0042000232,271,1630267,Facundo Campazzo,1610612743,Denver Nuggets,2,3,9,Missed Shot,Jump Shot,3PT Field Goal,Above the Break 3,Center(C),24+ ft.,26,51,255,1,0,20210609,PHX,DEN
57,Shot Chart Detail,0042000232,278,1630267,Facundo Campazzo,1610612743,Denver Nuggets,2,2,22,Made Shot,Pullup Jump shot,3PT Field Goal,Above the Break 3,Right Side Center(RC),24+ ft.,25,104,229,1,1,20210609,PHX,DEN
58,Shot Chart Detail,0042000232,300,1630267,Facundo Campazzo,1610612743,Denver Nuggets,2,0,0,Missed Shot,Step Back Jump shot,3PT Field Goal,Above the Break 3,Right Side Center(RC),24+ ft.,25,95,240,1,0,20210609,PHX,DEN
59,Shot Chart Detail,0042000233,26,1630267,Facundo Campazzo,1610612743,Denver Nuggets,1,9,34,Missed Shot,Pullup Jump shot,2PT Field Goal,In The Paint (Non-RA),Center(C),8-16 ft.,12,57,106,1,0,20210611,DEN,PHX
60,Shot Chart Detail,0042000233,256,1630267,Facundo Campazzo,1610612743,Denver Nuggets,2,3,59,Made Shot,Jump Shot,3PT Field Goal,Above the Break 3,Right Side Center(RC),24+ ft.,25,179,187,1,1,20210611,DEN,PHX
61,Shot Chart Detail,0042000233,277,1630267,Facundo Campazzo,1610612743,Denver Nuggets,2,2,53,Made Shot,Jump Shot,3PT Field Goal,Above the Break 3,Right Side Center(RC),24+ ft.,25,207,141,1,1,20210611,DEN,PHX
62,Shot Chart Detail,0042000233,302,1630267,Facundo Campazzo,1610612743,Denver Nuggets,2,1,18,Missed Shot,Jump Shot,3PT Field Goal,Right Corner 3,Right Side(R),24+ ft.,22,229,19,1,0,20210611,DEN,PHX
63,Shot Chart Detail,0042000233,593,1630267,Facundo Campazzo,1610612743,Denver Nuggets,4,1,27,Missed Shot,Jump Shot,3PT Field Goal,Right Corner 3,Right Side(R),24+ ft.,23,232,13,1,0,20210611,DEN,PHX
64,Shot Chart Detail,0042000234,122,1630267,Facundo Campazzo,1610612743,Denver Nuggets,1,2,38,Missed Shot,Jump Shot,3PT Field Goal,Above the Break 3,Center(C),24+ ft.,26,62,257,1,0,20210613,DEN,PHX
65,Shot Chart Detail,0042000234,130,1630267,Facundo Campazzo,1610612743,Denver Nuggets,1,1,40,Missed Shot,Jump Shot,3PT Field Goal,Above the Break 3,Left Side Center(LC),24+ ft.,25,-140,210,1,0,20210613,DEN,PHX
66,Shot Chart Detail,0042000234,185,1630267,Facundo Campazzo,1610612743,Denver Nuggets,2,9,57,Made Shot,Jump Shot,3PT Field Goal,Left Corner 3,Left Side(L),24+ ft.,22,-220,24,1,1,20210613,DEN,PHX
67,Shot Chart Detail,0042000234,190,1630267,Facundo Campazzo,1610612743,Denver Nuggets,2,9,25,Made Shot,Pullup Jump shot,3PT Field Goal,Above the Break 3,Left Side Center(LC),24+ ft.,25,-199,156,1,1,20210613,DEN,PHX
68,Shot Chart Detail,0042000234,440,1630267,Facundo Campazzo,1610612743,Denver Nuggets,3,1,34,Missed Shot,Layup Shot,2PT Field Goal,In The Paint (Non-RA),Center(C),Less Than 8 ft.,6,-54,31,1,0,20210613,DEN,PHX
69,Shot Chart Detail,0042000234,452,1630267,Facundo Campazzo,1610612743,Denver Nuggets,3,0,41,Made Shot,Pullup Jump shot,3PT Field Goal,Above the Break 3,Center(C),24+ ft.,26,-63,253,1,1,20210613,DEN,PHX
70,Shot Chart Detail,0042000234,466,1630267,Facundo Campazzo,1610612743,Denver Nuggets,4,11,49,Made Shot,Jump Shot,3PT Field Goal,Right Corner 3,Right Side(R),24+ ft.,23,231,-10,1,1,20210613,DEN,PHX
71,Shot Chart Detail,0042000234,473,1630267,Facundo Campazzo,1610612743,Denver Nuggets,4,10,59,Missed Shot,Driving Floating Jump Shot,2PT Field Goal,In The Paint (Non-RA),Left Side(L),8-16 ft.,11,-63,91,1,0,20210613,DEN,PHX
72,Shot Chart Detail,0042000234,534,1630267,Facundo Campazzo,1610612743,Denver Nuggets,4,7,24,Missed Shot,Jump Shot,3PT Field Goal,Right Corner 3,Right Side(R),24+ ft.,23,231,52,1,0,20210613,DEN,PHX
73,Shot Chart Detail,0042000234,542,1630267,Facundo Campazzo,1610612743,Denver Nuggets,4,6,41,Made Shot,Driving Layup Shot,2PT Field Goal,In The Paint (Non-RA),Center(C),Less Than 8 ft.,6,27,55,1,1,20210613,DEN,PHX
